actual,predicted,test_id,text
adhd,depression,0,i got a 3.48 gpa over my last five college classes!!!
ptsd,bipolar,2,"i find it funny. i am called 'crazy' or 'frn reality, the entire world is full of crazy"
bipolar,adhd,9,finally put a couple good days together - this sub has really helped
ptsd,depression,10,do you ever feel as though you are unlovable and will always just be a burden?
ptsd,anxiety,20,took a huge step yesterday!
depression,adhd,24,"when i have nothing to do, i get bored. when i haveound other people, i get nervous and self-conscious."
anxiety,bipolar,31,1 year on antidepressants
ptsd,anxiety,32,i feel guilt and shame that my personality causes men to sexualized me. anyone relate?
ptsd,depression,35,"first date. me, my service dog and her"
bipolar,depression,38,i cleaned my room and did my laundry! üòÉ
anxiety,depression,39,anyone feels like they‚Äôre always being lied to?
none,depression,51,police harassed me for just sitting in car with my girlfriend
depression,anxiety,52,does anyone else find comfort in listening to music?
adhd,depression,54,i cleaned my room and holy shit!
ptsd,depression,57,i hate everything
ptsd,anxiety,59,my current so drinks (not excessively). i can't stop hating alcohol and thinking poorly of people who drink it.
anxiety,depression,61,"i'm pathetic... i'm 25, no friends, living with my ping mechanisms anymore? anyone been here at my age?"
ptsd,depression,62,i‚Äôm so so proud of my friend but i don‚Äôt have anyone to gush to about it. there is always hope
ptsd,depression,64,i just want to thank you all
none,depression,65,i arrived in japan with only $6 in my pocket and survived an entire day
bipolar,depression,70,fun fact: don‚Äôt go on mental health so subs and expect them to be nice like your own so.
none,ptsd,72,[rant] quikr is sham and i wait for the day it goes up in flames
adhd,depression,75,"after over a month unemployed, i finally have a really promising interview this morning."
anxiety,depression,76,dae hate their birthday because of all the attention?
anxiety,ptsd,79,brain never stops
none,bipolar,82,are you cold?
ptsd,bipolar,85,i feel like my life is a very dark game of thrones episode
depression,adhd,89,i hate it when people say they miss you
bipolar,ptsd,95,i can really use some encouragement right now.
ptsd,adhd,96,i love you guys but we cannot diagnose you.
bipolar,adhd,98,can‚Äôt get started (angsty rant)
adhd,depression,100,my wife is insanely needy.
depression,adhd,101,failed 2 classes. now i‚Äôm on academic suspension.
ptsd,depression,102,little bit of text spoke to me tonight.
bipolar,anxiety,103,sometimes i can‚Äôt talk right
bipolar,anxiety,104,just sharing my recent talk with my doctor
bipolar,depression,107,my new cat
bipolar,depression,115,was anyone else raised by a personality disordered parent?
adhd,anxiety,125,"let's talk about a sensitive topic. did anybdoy else su if you need to, i'd like to hear your serious thoughts."
anxiety,depression,126,i'm about to confess to my crush and i'm shaking.
bipolar,ptsd,127,yay! paranoia!
depression,anxiety,129,time is rude and shows no liking of me
adhd,ptsd,131,difficulty expressing emotions?
depression,anxiety,135,yes i can do it
anxiety,depression,137,i'm proud of myself being rejected
none,depression,139,fuck your mother fucking ivory towers
bipolar,depression,141,anyone else find it hard to brush their teeth?
ptsd,anxiety,143,someone please help me calm down.
none,ptsd,146,"let's stop the upcoming war with iran. the corpan, we need to unite behind the cause for peace."
bipolar,depression,149,for the first time since i was 9 i can say i am not depressed and i don‚Äôt know how to deal with it.
bipolar,depression,150,"i cried today, but out of appreciation."
bipolar,ptsd,154,so sick of the revolving door of therapists [rant]
anxiety,depression,156,staring down the barrel of my 30th birthday and have never been in a relationship. all hope is now gone.
ptsd,depression,161,anyone else live an almost entirely solitary life?
anxiety,ptsd,162,does anyone else have a extremely hard time with a change/cancellation in plans?
bipolar,ptsd,163,"""out of the woods"""
anxiety,depression,164,i'm so proud of myself
ptsd,depression,169,you know what i hate???
adhd,anxiety,170,i don‚Äôt know talking is hard
anxiety,adhd,174,"what's the point of living if you know you will eternity. how do i ""counter"" this thought?"
ptsd,anxiety,186,i got a phone call today and im getting a call to sort out a counsellor
bipolar,none,189,trying to resist the urge to empty my bank account and fly off to a different country
bipolar,depression,191,no kids for me
adhd,ptsd,195,forcing yourself vs. understanding your limitations?
bipolar,ptsd,197,i really need bernie to win
adhd,ptsd,200,do not tell anyone about your learning disability in a work setting
adhd,ptsd,201,last night i threw an apocalyptic adult tantrum... omething i could improve through behavioral therapy?
none,anxiety,202,instead of being on the defensive all tgo on the offensive and repeal the dmca?
depression,adhd,206,so sick of hearing ‚Äúyou need to go out‚Äù and ‚Äúput in some effort‚Äù
bipolar,depression,209,it's my 31st birthday
depression,anxiety,218,it took me a long time to become active on reddit because i thought no one would like me or the things i had to say.
depression,adhd,220,"why can't people understand i'm not just being lazy, i just feel unable to move"
bipolar,depression,224,"thanks dad, it's always nice to be reminded i'm a failure. [rant] [long]"
anxiety,depression,227,i bury my best friend tomorrow. i bumped into my ex with another guy. i can't deal with this. i feel sick.
anxiety,depression,228,i'm so tired of people and human interaction
adhd,none,232,psa: for people in the us
ptsd,bipolar,235,binge eating
bipolar,adhd,236,my book that i have finally finished writing.
bipolar,adhd,237,deciding not to have kids
depression,ptsd,238,i do fit in. i do have friends. i do have a loving family. i do have people who care about me. i do have a support system.
bipolar,anxiety,243,do you have ten minutes to take part in a reseapresented in my sample but anyone can take part.
bipolar,depression,246,i'm so sick of being alone.
bipolar,ptsd,256,do you guys get nightmares?
depression,ptsd,257,am i the only one who gets attatched too easily and hates it?
adhd,depression,258,i don‚Äôt know any of you but i feel like you‚Äôre all my friends.
ptsd,anxiety,263,i‚Äôm completely freaking out.
bipolar,adhd,264,does anyone else have the most awful time choosing words wisely during conversation?
adhd,depression,265,""" if you cared than you wouldn't have forgot """
ptsd,anxiety,274,does anyone else get persistent tremors at rest?
anxiety,depression,284,does anyone else sleep with a stuffed animal?
adhd,none,285,eureka!! diesel engines are my jam!!!!!
bipolar,ptsd,286,working
bipolar,ptsd,288,on feeling broken and undeserving of romantic love
adhd,bipolar,291,meds helped me realize a lot (success story)
ptsd,depression,292,i am not ok
bipolar,anxiety,293,"ugh, the demands of holiday socializing"
depression,anxiety,294,i've called five different therapists now and none of them are accepting new patients
ptsd,anxiety,295,someone finally noticed my flinching. success story!
adhd,none,296,arguments/debates are the bane of my existence.
bipolar,depression,298,i slipped
bipolar,depression,300,sharing because this is what kept me out of the hospital recently
bipolar,adhd,301,what are you good at?
depression,anxiety,302,went to my first therapy appointment!!
depression,bipolar,303,here's to devin
ptsd,adhd,304,have any of you gotten too attached to the first person who treated you well after your diagnosis?
bipolar,ptsd,305,my doctor called me a liar and cannot be trusted.
anxiety,depression,306,can someone wish me a happy birthday?
bipolar,ptsd,321,"[update] this sub has helped me a lot, i want to use what i'm good at to give back a little."
anxiety,depression,323,i'm finally ready to change. i can't live like this.
anxiety,depression,326,life update.
bipolar,ptsd,327,how much benefit do you get from having an animal? i'm considering a therapy dog.
anxiety,depression,329,hey you. you don't need to do this alone.
anxiety,depression,330,i just wanna tell you guys thank you.
anxiety,adhd,333,"i actually did it. found an amazing new job in ahouse, turned on utilities, and scheduled movers."
ptsd,bipolar,335,how does everyone hold a job?
anxiety,depression,339,i finally got a job interview üò≠
bipolar,adhd,345,show me your pill box! (pictures encouraged)
ptsd,anxiety,347,do you have problems being alone?
adhd,ptsd,349,terrifying
depression,anxiety,351,anyone else so tired all the time?
bipolar,ptsd,353,how many times do we deserve to ask for help?
bipolar,adhd,355,meds are smoothing me out and it's making me antsy. want to do something just to feel.
ptsd,depression,356,i can‚Äôt believe i lost her.....
depression,anxiety,362,today was the day that made all of my bad days worth it.
none,adhd,363,i just skipped through 767 songs until my pandora station played a song by the artist the station is based on.
bipolar,adhd,368,seeeeeing the psychiatrist tomorrow (!) they managed to fit me in
bipolar,ptsd,369,i'm about to lose myself. i don't know if i can do this again [trigger warning]
ptsd,anxiety,370,please help me find ways to cope while i'm saving up to go back to therapy
ptsd,depression,371,fuck it all.
depression,anxiety,376,have you ever felt that some people's lives were predicted to be great but your life not?
bipolar,none,377,"my pdoc had me run 23andme to get raw data. turns out i don't epressants are 7xs less effective. well, that explains my life."
adhd,depression,379,i feel like my life is a constant cycle by 5-6 months of failure and depression
bipolar,adhd,382,i feel ‚Äúdumb‚Äù from my meds
none,adhd,390,curious about phone calls habits
adhd,anxiety,400,do you guys have a hard time making friends?
bipolar,anxiety,401,i think going through years of therapy has ruined my ability to fantasize
none,ptsd,402,how to address certain people?
adhd,ptsd,405,newly diagnosed? rewatch ms. doubtfire .
anxiety,depression,410,"after years of not working and being in a dark place, i'ed advice and kind words to get me through the first day."
none,bipolar,411,how to reply to ‚Äúmood‚Äù?
bipolar,none,414,an ode to the dirge
adhd,depression,415,"i showered and dressed within 10 minutes, it used to take an hour"
anxiety,depression,427,i'm 18 and i feel awful unless i'm drunk or high
bipolar,anxiety,429,anybody else forgetful or lose track of time?
ptsd,depression,431,anyone else do this?
adhd,ptsd,433,help with teeth?
anxiety,depression,434,"i say ""i'm sorry"" too much"
adhd,none,438,do you guys find puns extraordinarily hilarious?
anxiety,depression,442,anyone else develop poor memory?
ptsd,anxiety,443,has anybody else here discovered that the person/persons that you bhat was uncannily similar to your own experience without knowing it?
bipolar,ptsd,446,my doctor gave me validation today and an eight month hiatus
anxiety,depression,447,i like being with one person. i'm frienis gone when there are multiple people.
bipolar,depression,448,my oldest brother was found dead a week ago.
adhd,depression,451,stuck in a shitty cycle of motivation and depression
ptsd,depression,454,i finally decided to live.
bipolar,none,457,"louisiana flood victim, and i'm episodic"
adhd,anxiety,458,anyone feel scared to get back into hobbies after you abandoned them?
bipolar,anxiety,463,"my mind races but the body, it won't get off the couch"
bipolar,anxiety,464,i went on a date!
anxiety,adhd,465,i did a presentation at college yesterday and got top marks!
ptsd,bipolar,466,[tw: suicide] a week in the psych ward. anyone else here spend time in one?
bipolar,adhd,467,lpt: check your medbox to make sure you took *all* of your meds
bipolar,adhd,468,do you notice patterns?
bipolar,ptsd,471,not feeling after witnessing an attempted suicide
anxiety,depression,472,i got a job today
ptsd,bipolar,473,memory issues
adhd,anxiety,476,shoutout to being medicated - even when i‚Äôm bad i‚Äôm still way less bad
depression,anxiety,477,dae feel worse because they don't make money/have a job?
ptsd,adhd,489,my short term memory
bipolar,ptsd,491,anyone here have problems with memory?
bipolar,ptsd,495,taking ownership
anxiety,ptsd,502,depersonalization/dissociating?
anxiety,adhd,503,are you ok? leave your user name and i'll check in on you at least once this month and ask you how are you going.
bipolar,adhd,505,i didn't know how bad things were until i had to fill out disability paperwork
depression,anxiety,507,i'm winning this battle today
bipolar,adhd,513,what do you wish you could have told your newly diagnosed self?
bipolar,depression,515,had a fun conversation at a bar
ptsd,depression,519,there really are still good people in the world.
anxiety,depression,524,does anyone else just sit there before work starts..
ptsd,depression,529,you know what i hate the most?
ptsd,anxiety,533,i slept great! (first time in a while)
bipolar,anxiety,535,finally i have a mental health appointment tomorrow!! (please read)
anxiety,adhd,537,"it took years, and many attempts, but meding to your doctor if you haven't already."
depression,ptsd,541,i got a tattoo over my self-harm scars today.
bipolar,anxiety,542,going back to the clinic after three years
ptsd,anxiety,544,lashing out at people you love because you can't tell them what happened? is it common?
ptsd,adhd,545,is it normal to miss him?
anxiety,ptsd,558,i finally sought help and it did not go well.
ptsd,depression,559,i am really struggling to cope and i don't know what to do anymore
anxiety,adhd,561,i‚Äôm sorry if this gets asked a lot but... doe but not ‚Äúcrazy‚Äù enough to actually have one?
ptsd,anxiety,563,"i participated in two wars before i turned 21, but that's not why i'm here."
none,anxiety,564,i‚Äôm lowkey in shock
bipolar,adhd,571,"hmm now i'm 100 pounds, even though i never exercise. hyg too into my projects and impulses to remember to eat..."
bipolar,depression,572,my husband is amazing
bipolar,depression,577,fuck this shit.
none,adhd,579,"i hate to do it, but i have to ask/vent after ourists and when (if ever) is it going to stop?"
ptsd,anxiety,581,my father is going into critical condition and i had to say the most difficult m a few more hours. my anxiety is killing me right now making it hard to travel.
adhd,ptsd,582,feeling like you have to know everything
bipolar,anxiety,590,"overwhelmed, exhausted and soon to be on snapped"
bipolar,adhd,591,forfeited all my attendance points today.
bipolar,anxiety,595,i begin ketamine treatments in a few hours. i'm a little nervous.
ptsd,adhd,604,no one will give me my meds
depression,adhd,609,"i write, rewrite, rethink, triple-thinkave nothing good to say' and ditch them."
bipolar,anxiety,611,wooooo i did it!
anxiety,none,612,the media is profiting off people like us
depression,anxiety,618,"people say ""get help"". that ""help"" they're talking about is 90 bucks an hour"
ptsd,depression,622,has anyone else tried a weighted blanket to help them sleep?
adhd,ptsd,626,i bit the bullet
ptsd,bipolar,627,my son was hospitalized last night
bipolar,adhd,628,stupidly didn't take my meds for 2 days and am paying for it.
bipolar,anxiety,629,i‚Äôve noticed spring/summers on this sub bring out some nastiness
bipolar,anxiety,630,just got fired.
none,adhd,634,"found something interesting, dunno if it has been discovered yet."
bipolar,depression,635,all i want to do is sleep
adhd,depression,645,can i give you all one big cyber hug??
bipolar,ptsd,654,filmmaker seeking advice (mod approved)
bipolar,depression,656,how i motivate myself to leave the house when i'm depressed and don't want to.
bipolar,ptsd,660,bdsm: first steps back since being diagnosed. (nsfw per content)
anxiety,adhd,663,guys... i just did two things i never thought i'd do in a hundred years.
bipolar,depression,664,i want attention so bad
adhd,depression,666,go downstairs to get water...
ptsd,depression,668,how can i accept the fact that nobody cares about me?
bipolar,depression,676,tfw you go to work sick so you can save your sick days for depression
ptsd,depression,677,i cried several times today
anxiety,depression,680,"after seven years in college, i graduated yesterday!"
anxiety,depression,681,"totally losing it right now.. i start a new job tomorrow, haven't been able to leave my house in 3 months"
anxiety,depression,683,"notice that in this moment, you are basically alright"
ptsd,depression,684,has any one found themselves isolated and lonely because they have trouble connecting to ppl?
ptsd,depression,686,loss of interest in everything.
depression,adhd,687,got an email from the college i applied to that i was accater saying that email was a mistake and i didn't get in.
anxiety,ptsd,689,please stay off the news
depression,anxiety,690,it's time for me to go.
anxiety,bipolar,691,i feel so at peace
bipolar,none,696,what do you say when you get to the e.r.?
anxiety,depression,700,does anybody have this same weird problem after waking up around 3-4 am?
anxiety,depression,701,"does anyone else find suicide comforting in the, ‚Äúwell, if it gets worse i can always kill myself‚Äù kind of way?"
none,bipolar,702,185
bipolar,anxiety,706,"""1) nothing makes you happy/all you do is complain/2) everytime we talk, there's con person who pushes people away. anyone hear else? 3 long stories; tldr at the bottom."
anxiety,depression,707,i presented today!!!
bipolar,ptsd,716,thank you all for caring last night. i‚Äôm alive and i‚Äôm safe.
bipolar,anxiety,731,i‚Äôm spiraling a bit after some news this morning.
adhd,ptsd,738,oh boy am i angry
none,ptsd,739,i can't find an explanation for this
bipolar,ptsd,742,please respond and help me
depression,adhd,743,i've skipped work and laid in bed for 3 no motivation to get up in the morning.
depression,adhd,744,"i don't wanna live, but i don't wanna die because if my life improves.. i would miss out. it's so confusing."
bipolar,ptsd,748,no cure
adhd,depression,749,"i know that the future is coming, but i don't believe it."
ptsd,anxiety,750,something i need to get off my chest
anxiety,adhd,752,weekend's over... time to go to work...
adhd,anxiety,755,i constantly feel like i need to leave a good impression on people?
depression,anxiety,759,does anyone else suffer from pangs of sevng it as much better than it actually was.
bipolar,depression,760,is anyone else basically non-functioning at the moment?
depression,none,761,the death of etika just shows how much of a joke people take mental illness
adhd,anxiety,762,"me: ok brain, what is stressing us out nagerdnekxkcjsnxnx. me: ok that‚Äôs first."
none,anxiety,764,i am going to buenos aires for the first time on monday!
bipolar,adhd,770,"was diagnosed yesterday as type ii, and now things make sense, but are also scary?"
bipolar,ptsd,772,common cognitive distortions
depression,adhd,774,anyone get annoyed by the people that 'advocate' talking about mental health but never practice what they preach?
bipolar,ptsd,776,i feel like i‚Äôm losing it
bipolar,ptsd,780,i need people who relate
bipolar,anxiety,781,update: been declared fit for work and all cleared to start my new job!
adhd,anxiety,784,interview for dream job in one hour. wish me luck!
bipolar,ptsd,785,no symptoms before my twenties
bipolar,ptsd,786,anyone else have difficulty reading?
bipolar,anxiety,787,got discharged from my mental health program today and not feeling too great about it
ptsd,anxiety,796,anyone else had to resort to online education or quit college because they cant concentrate in traditional classrooms?
anxiety,depression,804,hey you
bipolar,ptsd,805,keep getting impulsive rapid thoughts when i'm alone. (nsfw)
anxiety,adhd,808,"succes! i passed my english class, the first thing i've completed in 7 years!"
anxiety,depression,812,it actually can get better
bipolar,depression,813,suicidal...again.
anxiety,depression,816,dear you
bipolar,depression,817,"my big sis tried to console me by saying, ""stop being so sad."" she mean don't think i can ever do that for her outside of hiding ""the sadness."""
anxiety,ptsd,818,just a thank you to a kind stranger
bipolar,anxiety,822,i had ect and it changed my life
none,ptsd,826,sexual assaults against women are increasing never as an individual with her own identity.
ptsd,anxiety,827,"i wish i wouldn‚Äôt get so agitated, and i wish i had the strength to tell people why"
depression,adhd,828,i'm so useless and do nothing all day.
bipolar,depression,833,"my cousin just died, and i'm pretty sure it was suicide..."
depression,bipolar,842,"does anyone else feel like they‚Äôre in a trance, ofangible in itself - with very little or no purpose?"
ptsd,adhd,843,"it's that time of night again! the ""afraid to sleep"" time, where i'm unwillingly up until all hours..."
bipolar,depression,846,that left behind feeling?
bipolar,anxiety,847,flamed out of my white collar jobs? looking at working as a dishwasher now. this happen to anyone else?
ptsd,bipolar,851,eternal sunshine. (discussion)
bipolar,depression,852,so so so sick of waking up every day wanting it to end.
ptsd,anxiety,853,"i did everything right, and it didn't matter"
adhd,depression,857,i feel like i‚Äôm ‚Äúretarded‚Äù sometimes.
none,adhd,860,books for undergraduates
adhd,depression,863,i constantly feel like i'm lying to myself and that i'm just lazy.
anxiety,ptsd,864,"i have this paranoia that everyone finds me weird, creepy, and text each other about me behind my back."
none,bipolar,865,system of a down
anxiety,none,869,my name is kyle
bipolar,depression,871,"challenging the negative self thought ""i am a failure."" do it with me?"
anxiety,bipolar,872,realising how far i've come
depression,anxiety,873,"am i alone in thinking that there are a lot of creepy, unethical, and just plain weird therapists out there?"
none,adhd,878,my relatives visited me. and i live with my girlfriendeauty. (re-posting because violated some rules earlier)
ptsd,adhd,879,friendly reminder that irregular periods can be a physical symptom.
adhd,depression,885,i wish i could just grab all of you and move to another planet
anxiety,depression,887,can someone make me (21f) feel better? i feel humiliated :(
bipolar,depression,888,do you ever want to go to the hospital just to hide from life?
anxiety,bipolar,889,i'm better. like for real better.
ptsd,depression,890,am i even human?
anxiety,bipolar,895,kid cudi checks himself into rehab
depression,anxiety,898,positive or bubbly people annoy me.
adhd,depression,900,i burn out and melt down every couple of months.
anxiety,ptsd,908,today at therapy
depression,anxiety,910,i hate how insensitive people can be
anxiety,ptsd,915,please help.
anxiety,depression,921,is anyone else tired of being tired?
bipolar,ptsd,923,can't believe i missed this tw: suicidal ideation
bipolar,ptsd,924,recently diagnosed and having trouble wrapping my head around it.
depression,anxiety,926,music is keeping me here
bipolar,ptsd,927,just a bad day
none,anxiety,930,i went on a solo motorcycle ride from tamil i'd like to share some pics with you folks!
bipolar,none,937,anyone in boston want to meet up?
adhd,anxiety,938,not wanting to be a problem sometimes makes things worse.
ptsd,anxiety,939,has anyone used an isolation tank?
bipolar,ptsd,942,i have a new job! my thoughts on setbacks and perseverance
bipolar,none,944,first try at spoken word writing...
bipolar,anxiety,950,"every couple weeks, i need to sleep for about half a day"
depression,anxiety,954,hi
bipolar,adhd,967,my meds make me drunk and i drunkenly fell down the stairs
ptsd,anxiety,973,does anyone else have phases of absolute isolation and rejection?
ptsd,depression,976,anyone feel shame when opening up to friends?
bipolar,anxiety,978,just let me enjoy the damn weather!
bipolar,adhd,980,have you ever had trouble with perception of time?
adhd,anxiety,984,tonight i got ready for tomorrow morning
adhd,anxiety,990,annoyed at literally everything
depression,anxiety,991,i'm applying for a job
bipolar,none,992,"forgetting how to speak correctly, or at all."
adhd,bipolar,996,vent about being a woman and not being diagnosed d:&lt;
bipolar,depression,998,it can't all be about suicide and overspending.
adhd,none,1002,i highly recommend mark manson's new boo most valuable resource of the past week.
none,depression,1009,4am hostel adventures
none,adhd,1010,"with 2017 so fresh, here's an idea i stole from my gf that she's been doing for years. i recommend it!"
none,adhd,1014,"in case you didn't know, eminem personally annotates his own lyrics on genius.com. if you're a fan, i suggest you check it out."
anxiety,depression,1018,would anybody agree we need more positive posts on this subreddit?
anxiety,depression,1021,"just lurking here helps me a lot, thank you."
bipolar,anxiety,1025,im ready!!
ptsd,bipolar,1028,in what ways have you invested in your mental health?
bipolar,adhd,1029,this is a half life psa for when you're explaining drugs to people
ptsd,depression,1036,fuck you to whoever robbed me at gunpoint when i was 12
anxiety,depression,1040,have you ever self-sabotaged your own happiness?
adhd,anxiety,1042,"do any of you ever fear people might thin anything, even things you actively enjoy?"
depression,ptsd,1044,do you guys feel it too?
ptsd,depression,1051,i visited a psychiatrist today for the first time.
adhd,depression,1056,only you would appreciate this
anxiety,depression,1062,is it 'selfish' to not want to celebrate birthdays and holidays
adhd,bipolar,1069,rambling post - what's wrong with me. why do  my performance dips ? why am i so inconstant?
anxiety,depression,1070,anyone else feel like their not actually living in reality sometimes?
bipolar,depression,1072,rollercoaster year
anxiety,depression,1074,recently i've been diagnosed with multiple mental illnesses that have led to me being fired from my job.
adhd,none,1077,about to leave my [29/f] fianc√© [28/m] due to hianymore. any advice would be greatly appreciated!
ptsd,anxiety,1079,great dane therapy dog nearly cures fianc√©‚Äôs panic attacks
ptsd,anxiety,1080,just stopped myself from going into a full blown panic attack and he didn‚Äôt even notice.
bipolar,ptsd,1081,i finally received help.
bipolar,depression,1084,i‚Äôm jealous
anxiety,depression,1086,i hate myself
depression,adhd,1090,why do parents care more about school work than your mental state?
adhd,depression,1091,does curiosity kill you guys?
depression,ptsd,1094,basically got called ugly tonight
adhd,anxiety,1095,the cough drop sign
adhd,depression,1098,why can't i just do shit
depression,none,1104,money money money fuck you
adhd,depression,1106,i just got a lovely surprise in my inbox from a caring redditor.
bipolar,depression,1114,boyfriend says he‚Äôs not attracted to me anymore bc my depression
ptsd,anxiety,1117,just bought another weighted blanket-just wanted to share the deal i found.
ptsd,anxiety,1120,"are you afraid to ""feel too much,"" even positive emotions?"
anxiety,depression,1121,i'm 25 and i'm tired.
ptsd,adhd,1122,high functioning...on the outside
anxiety,adhd,1126,i'm on a fucking roll!
adhd,depression,1128,"woman next to me was bitching about people who ‚Äúdon‚Äôt dress well/dress ng myself to care about clothes? i‚Äôve tried really hard to, but i can‚Äôt‚Äù"
bipolar,ptsd,1129,therapy during episodes. what do you do and is it helpful?
none,adhd,1130,a little (maybe useless) tool i've just made
bipolar,ptsd,1134,i'm seriously losing it.
bipolar,ptsd,1135,can we share some success stories?
ptsd,none,1136,a strange and perhaps interesting question
bipolar,ptsd,1139,betting on myself
anxiety,depression,1140,2020 has destroyed my progress and it sucks.
ptsd,anxiety,1142,i often can‚Äôt sleep when my husband is home without a sleep aid. i wonder if i‚Äôm not really past a fear of men.
adhd,depression,1143,my boyfriend asked me if i ever just think about stuff.
depression,anxiety,1144,does anyone else get extremely bummed out seeing people younger than them doing more with their life?
adhd,depression,1155,"i wrote a loooong comment in reply to someone askingave to let this off my chest, so i'm leaving it here."
none,adhd,1160,"so it turns out atms have been intentionally kept dry to force people to ""go cashless"", because that's what modi ji wants"
bipolar,depression,1161,i cleaned my kitchen counters off!
bipolar,ptsd,1168,dbt day one - radical acceptance and healthy distraction
bipolar,ptsd,1173,how do i get back my motivation?
depression,anxiety,1176,realizing you aren't your best friends best friend
ptsd,bipolar,1177,just want to celebrate
adhd,depression,1180,couldn‚Äôt help crying while reading a post that made meor helping me understand myself a bit better every day.
bipolar,adhd,1181,thinking you are ‚Äúall better now‚Äù on an up cycle is lying to yourself
bipolar,depression,1183,"20,000 subscribers!!"
adhd,ptsd,1184,we need a light moment - kinda funny story about son in school
none,anxiety,1188,"whats a nicer way to say ""you shouldnt worry about my marks, just focus on your own"""
bipolar,depression,1191,being attracted to your therapist is weird
bipolar,adhd,1192,how many of you sleep irregular hours (essentially because it is out of your control)?
bipolar,depression,1194,"craving alcohol, please tell me no"
bipolar,ptsd,1200,thought i'd share..and a question
anxiety,none,1201,"i'm not afraid of being on an airplane, i'm ae plane. please help. my flights are tomorrow."
adhd,anxiety,1206,i did my taxes!
adhd,anxiety,1209,small win made my boss smile
depression,adhd,1210,"one of the most annoying thing about mentauffer from it, even when they know you do."
bipolar,depression,1213,"hi, nice to meet you, i just destroyed my life."
bipolar,adhd,1214,i just found my old bowl &amp; a bag of blow... i don‚Äôt even want it
anxiety,depression,1215,i finally went back outside
adhd,depression,1217,my wife and i made a bad choice
ptsd,adhd,1223,"0730hrs, ive finally drank and smoked the ""voices"" away."
bipolar,adhd,1224,do you have garbled speech?
adhd,anxiety,1232,feeling really dumb when i get into deep discussions
bipolar,anxiety,1237,i did it! passed my exam.
depression,anxiety,1240,does anybody else hate positive and motivational talks?
adhd,depression,1241,so this is probably why we end up super awake at night and hate mornings
anxiety,adhd,1246,just completed a task i've been avoiding for months!
ptsd,depression,1257,scared of having exposed skin.
adhd,depression,1258,just graduated high school yesterday!
ptsd,anxiety,1262,cbd oil feels like a miracle
depression,ptsd,1263,anybody else feel like their losing their memory?
ptsd,depression,1269,does it ever get better?
depression,adhd,1274,i feel like i'm becoming dumber everyday.
none,ptsd,1277,you can help my mother.
bipolar,depression,1281,i feel like i ruined my life before it even began. anyone relate? advice?
bipolar,adhd,1288,my meds work well: a story in how i can‚Äôt stay up late any longer.
adhd,depression,1291,why i enjoy cleaning
depression,anxiety,1292,anyone else sick and tired of socialising ? and it being thrown back in your face ?
adhd,ptsd,1294,i've finally found a manager who gets it. i'm trying not to cry.
depression,anxiety,1298,you guys ever feel like self loathing is addicting
adhd,depression,1299,when the sun goes down i become the person i want to be.
adhd,depression,1300,i wish i could sleep so bad it makes me want to cry
adhd,anxiety,1303,white noise is awesome!
anxiety,adhd,1306,even the tiniest success is still kinda success
bipolar,ptsd,1309,i feel so attached
anxiety,adhd,1314,i got an internship!
adhd,anxiety,1316,can we talk about indecisiveness?
depression,anxiety,1320,"six months, yet i mourn no less..."
adhd,none,1321,"""what kind of music do you listen to?"" no answer"
anxiety,depression,1323,yesterday i rented a car
depression,anxiety,1324,does anyone else feel worse just seeing people who have passions?
ptsd,depression,1325,i cry whenever we raise our voice at our daughter
ptsd,anxiety,1328,who ever posted about the weighted blankets... thank you!!!
adhd,none,1333,"recently i was reading a study that said ,""results show that in comparison to the cond three worrisome thoughts scales."" so my question is this actually relevant to you?"
bipolar,anxiety,1336,wife gave me divorce papers tonight. i'm completely heartbroken.
ptsd,depression,1337,dae get tired of not being able to trust anything or anyone?
adhd,bipolar,1340,medication guilt: an honest conversation
ptsd,depression,1344,a psychotherapist did a reddit thread on orgasm and rape
adhd,anxiety,1348,waiting for people to stop talking.
bipolar,depression,1351,social media?
bipolar,depression,1355,i had two beers last night and lost my damn mind
ptsd,depression,1360,i don‚Äôt know if anyone cares but my dad died 5 years ago today.
ptsd,anxiety,1361,pretty extreme anxiety lately.
ptsd,anxiety,1362,"when the ""employee rights"" mandatory meeting is what triggered my fucking asshole brain"
ptsd,adhd,1363,"is pressure to ""recover"" making you worse ?"
anxiety,adhd,1366,"if i‚Äôm more than 2 minutes late, i often don‚Äôt go to a class out of fear of what others will think"
adhd,bipolar,1370,when starting a new job do you work really well in the beginning and then after a while it just goes downhill?
bipolar,depression,1378,"my father died today. or yesterday, maybe."
anxiety,adhd,1380,lpt: slow the fuck down.
ptsd,anxiety,1382,therapist offered to look away and it worked
anxiety,adhd,1400,"""hiding"" from work? need advice before career implodes"
depression,adhd,1413,why being high-functioning sucks ass
adhd,anxiety,1418,been staying 15-30 minutes past the end orning and was told i need to ‚Äútry harder.‚Äù
none,ptsd,1420,i live in bihar and i‚Äôm terrified
bipolar,depression,1426,does anyone get in depressions so low that you feel like you are practically evil from all the guilt and stuff that you feel?
ptsd,depression,1427,after a bit of scrolling... i‚Äôm crying because reading some of these posts really make me feel validated and like i‚Äôm not alone.
ptsd,adhd,1429,do you internalize everything or take it out on others?
ptsd,anxiety,1430,does anyone get super overwhelmed over small things?
bipolar,ptsd,1432,work?
anxiety,ptsd,1434,a tip from my therapist
bipolar,depression,1436,financially fucked and lost my safety net. how is suicide not the answer?
ptsd,anxiety,1444,how do you guys calm down after a panic attack
bipolar,anxiety,1457,i am so sick of the summits of false hope.
depression,anxiety,1461,does anybody feel like they were born too weak and sensitive for this world?
bipolar,depression,1463,i've decided i'm going to nursing school.
adhd,anxiety,1472,lmao i just remembered why i don't ask question in class anymore
depression,none,1480,to the girl in the pink jacket at the train station today.
bipolar,depression,1481,cried for the 1st time in over 5 years
adhd,ptsd,1483,"tips on regulating emotions, specifically the ""cringe"" feeling?"
bipolar,ptsd,1486,yesterday my ex started harassing me and then a friend choked me
