CDC definition, "Miss details or make careless mistakes in schoolwork, at work, or in other activities",adhd,0
CDC definition, "Have trouble staying focused on play activities or work tasks",adhd,0
CDC definition, "Not seem to listen when spoken to directly",adhd,0
CDC definition, "Find it hard to follow instructions or finish tasks, or may start but get easily sidetracked",adhd,0
CDC definition, "Have trouble being organized, keeping belongings in order, and managing time",adhd,0
CDC definition, "Avoid doing tasks that require long periods of mental effort",adhd,0
CDC definition, "Lose important items, such as books, wallets, keys, eyeglasses, and cellphones",adhd,0
CDC definition, "Forget about doing daily activities",adhd,0
CDC definition, "Fidget and squirm while seated",adhd,0
CDC definition, "Get up when staying seated is expected, such as at school or work",adhd,0
CDC definition, "Run around or climb when it's not appropriate (children) or feel restless (teens and adults)",adhd,0
CDC definition, "Have trouble doing quiet activities",adhd,0
CDC definition, "Be constantly moving or on the go",adhd,0
CDC definition, "Talk much more than is normal",adhd,0
CDC definition, "Blurt out answers before questions are completed",adhd,0
CDC definition, "Have trouble waiting for their turn",adhd,0
CDC definition, "Interrupt others for example during conversations or games",adhd,0
CDC definition, "People with this type of ADHD have trouble paying attention and are easily distracted. It's hard for them to organize or finish tasks. They may have trouble following instructions or conversations.",adhd,0
CDC definition, "People with this type of ADHD have symptoms of both hyperactivity and impulsivity: CDC definition, With hyperactivity, people feel a need to always be moving. They have trouble sitting still and may fidget and/or talk too much.",adhd,0
CDC definition, "With impulsivity, people have trouble controlling their actions and words. They tend to act on sudden ideas or feelings without thinking about the possible results. They may interrupt others a lot or have trouble waiting their turn.",adhd,0
CDC definition, People with this type of ADHD have a mix of inattentive and hyperactive-impulsive symptoms. Combined ADHD is the most common type.",adhd,0
Mayoclinic definition, "Fail to pay close attention to details or make careless mistakes in schoolwork", adhd, 0
Mayoclinic definition, "Have trouble staying focused in tasks or play", adhd, 0
Mayoclinic definition, "Appear not to listen, even when spoken to directly", adhd, 0
CDC definition, "Anxious thoughts or beliefs that are hard to control. They make you feel restless and tense and interfere with your daily life. They do not go away and can get worse over time.", anxiety,1
CDC definition, "Physical symptoms, such as a pounding or rapid heartbeat, unexplained aches and pains, dizziness, and shortness of breath", anxiety,1
CDC definition, "Changes in behavior, such as avoiding everyday activities you used to do", anxiety,1
CDC definition, "Generalized anxiety disorder (GAD). People with GAD worry about ordinary issues such as health, money, work, and family. But their worries are excessive, and they have them almost every day for at least 6 months.", anxiety,1
CDC definition, "Panic disorder. People with panic disorder have panic attacks. These are sudden, repeated periods of intense fear when there is no danger. The attacks come on quickly and can last several minutes or more.", anxiety,1
CDC definition, "Phobias. People with phobias have an intense fear of something that poses little or no actual danger. Their fear may be about spiders, flying, going to crowded places, or being in social situations (known as social anxiety).", anxiety,1
Psychiatry.org definition, "Palpitations, pounding heart or rapid heart rate", anxiety,1
Psychiatry.org definition, "Sweating", anxiety,1
Psychiatry.org definition, "Trembling or shaking", anxiety,1
Psychiatry.org definition, "Feeling of shortness of breath or smothering sensations", anxiety,1
Psychiatry.org definition, "Chest pain", anxiety,1
Psychiatry.org definition, "Feeling dizzy, light-headed or faint", anxiety,1
Psychiatry.org definition, "Feeling of choking", anxiety,1
Psychiatry.org definition, "Numbness or tingling", anxiety,1
Psychiatry.org definition, "Chills or hot flashes", anxiety,1
Psychiatry.org definition, "Nausea or abdominal pains", anxiety,1
Psychiatry.org definition, "Feeling detached", anxiety,1
Psychiatry.org definition, "Fear of losing control", anxiety,1
Psychiatry.org definition, "Fear of dying", anxiety,1
Psychiatry.org definition, "Using public transportation", anxiety,1
Psychiatry.org definition, "Being in open spaces", anxiety,1
Psychiatry.org definition, "Being in enclosed places", anxiety,1
Psychiatry.org definition, "Standing in line or being in a crowd", anxiety,1
Psychiatry.org definition, "Being outside the home alone", anxiety,1
CDC definition, "Feeling very up, high, or elated",bipolar,2
CDC definition, "Feeling jumpy or wired, more active than usual",bipolar,2
CDC definition, "Having a very short temper or seeming extremely irritable",bipolar,2
CDC definition, "Having racing thoughts and talking very fast",bipolar,2
CDC definition, "Needing less sleep",bipolar,2
CDC definition, "Feeling like you are unusually important, talented, or powerful",bipolar,2
CDC definition, "Do risky things that show poor judgment, such as eating and drinking too much, spending or giving away a lot of money, or having reckless sex",bipolar,2
CDC definition, "Feeling very sad, hopeless, or worthless",bipolar,2
CDC definition, "Feeling lonely or isolating yourself from others",bipolar,2
CDC definition, "Talking very slowly, feeling like you have nothing to say, or forgetting a lot",bipolar,2
CDC definition, "Having little energy",bipolar,2
CDC definition, "Sleeping too much",bipolar,2
CDC definition, "Eating too much or too little",bipolar,2
CDC definition, "Lack of interest in your usual activities and being unable to do even simple things",bipolar,2
CDC definition, "Thinking about death or suicide",bipolar,2
CDC definition, "The symptoms of a mixed episode include both manic and depressive symptoms together. For example, you may feel very sad, empty, or hopeless, while at the same time feeling extremely energized.",bipolar,2
CDC definition, "Sometimes you may feel extremely up, elated, irritable, or energized. This is called a manic episode.",bipolar,2
CDC definition, "Other times you may feel down, sad, indifferent, or hopeless. This is called a depressive episode.",bipolar,2
CDC definition, "You may have both manic and depressive symptoms together. This is called a mixed episode.",bipolar,2
CDC definition, "Along with mood swings, bipolar disorder causes changes in behavior, energy levels, and activity levels.",bipolar,2
CDC definition, "Bipolar disorder used to be called other names, including manic depression and manic-depressive disorder.",bipolar,2
Mayoclinic definition, "Abnormally upbeat, jumpy or wired", bipolar, 2
Mayoclinic definition, "Increased activity, energy or agitation", bipolar, 2
Mayoclinic definition, "Exaggerated sense of well-being and self-confidence (euphoria)", bipolar, 2
CDC definition of depression, "Feeling sad or empty", depression, 3
CDC definition of depression, "Loss of interest in favorite activities", depression, 3
CDC definition of depression, "Overeating, or not wanting to eat at all", depression, 3
CDC definition of depression, "Not being able to sleep, or sleeping too much", depression, 3
CDC definition of depression, "Feeling very tired", depression, 3
CDC definition of depression, "Feeling hopeless, irritable, anxious, or guilty", depression, 3
CDC definition of depression, "Aches or pains, headaches, cramps, or digestive problems", depression, 3
CDC definition of depression, "Thoughts of death or suicide", depression, 3
psychiatry.org definition, "Feeling sad, irritable, empty and/or hopeless.", depression, 3
psychiatry.org definition, "Losing interest or pleasure in activities you once enjoyed.", depression, 3
psychiatry.org definition, "A significant change in appetite (eating much less or more than usual) and/or weight (notable loss or gain unrelated to dieting).", depression, 3
psychiatry.org definition, "Sleeping too little or too much.", depression, 3
psychiatry.org definition, "Decreased energy or increased tiredness or fatigue", depression, 3
psychiatry.org definition, "Increase in purposeless physical activity (e.g., inability to sit still, pacing, handwringing) or slowed movements or speech that are severe enough to be observable by others.", depression, 3
psychiatry.org definition, "Feeling worthless or excessively guilty.", depression, 3
psychiatry.org definition, "Difficulty thinking or concentrating, forgetfulness, and/or difficulty making minor decisions.", depression, 3
psychiatry.org definition, "Thoughts of death, suicidal ideation, or suicide attempts.", depression, 3
mayoclinic definition, "Reduced appetite and weight loss or increased cravings for food and weight gain", depression, 3
mayoclinic definition, "Anxiety, agitation or restlessness", depression, 3
mayoclinic definition, "Slowed thinking, speaking or body movements", depression, 3
mayoclinic definition, "Feelings of worthlessness or guilt, fixating on past failures or self-blame", depression, 3
mayoclinic definition, "Trouble thinking, concentrating, making decisions and remembering things", depression, 3
mayoclinic definition, "Frequent or recurrent thoughts of death, suicidal thoughts, suicide attempts or suicide", depression, 3
mayoclinic definition, "Unexplained physical problems, such as back pain or headaches", depression, 3
mayoclinic definition, "Recurrent, unwanted distressing memories of the traumatic event", ptsd, 4
mayoclinic definition, "Reliving the traumatic event as if it were happening again (flashbacks)", ptsd, 4
mayoclinic definition, "Upsetting dreams or nightmares about the traumatic event", ptsd, 4
mayoclinic definition, "Severe emotional distress or physical reactions to something that reminds you of the traumatic event", ptsd, 4
mayoclinic definition, "Always being on guard for danger", ptsd, 4
CDC definition, "Re-experiencing symptoms, when something reminds you of the trauma and you feel that fear again.",ptsd,4 
CDC definition, "Flashbacks, which cause you to feel like you are going through the event again",ptsd,4
CDC definition, "Nightmares",ptsd,4
CDC definition, "Frightening thoughts",ptsd,4
CDC definition, "Avoidance symptoms, when you try to avoid situations or people that trigger memories of the traumatic event. This may cause you to stay away from places, events, or objects that are reminders of the traumatic experience. For example, if you were in a car accident, you might stop driving.",ptsd,4
CDC definition, "Avoiding thoughts or feelings related to the traumatic event. For example, you might try to stay very busy to try to avoid thinking about what happened.",ptsd,4
CDC definition, "Arousal and reactivity symptoms, which may cause you to be jittery or be on the lookout for danger. ",ptsd,4
CDC definition, "Being easily startled",ptsd,4
CDC definition, "Feeling tense or on edge",ptsd,4
CDC definition, "Having difficulty sleeping",ptsd,4
CDC definition, "Having angry outbursts",ptsd,4
CDC definition, "Cognition and mood symptoms, which are negative changes in beliefs and feelings. ",ptsd,4
CDC definition, "Trouble remembering important things about the traumatic event",ptsd,4
CDC definition, "Negative thoughts about yourself or the world",ptsd,4
CDC definition, "Feeling blame and guilt",ptsd,4
CDC definition, "No longer being interested in things you enjoyed",ptsd,4
CDC definition, "Trouble concentrating",ptsd,4
CDC definition, "Post-traumatic stress disorder (PTSD) is a mental health disorder that some people develop after they experience or see a traumatic event. The traumatic event may be life-threatening, such as combat, a natural disaster, a car accident, or sexual assault. But sometimes the event is not necessarily a dangerous one. For example, the sudden, unexpected death of a loved one can also cause PTSD.",ptsd,4
CDC definition, "It's normal to feel afraid during and after a traumatic situation. The fear triggers a "fight-or-flight" response. This is your body's way of helping to protect itself from possible harm. It causes changes in your body such as the release of certain hormones and increases in alertness, blood pressure, heart rate, and breathing.",ptsd,4
