ID,title,post,class_name,class_id
ce70fbd1-460b-4460-a1ce-1769b50fbb63, CDC definition, " miss details or make careless tactical mistakes fail in schoolwork then at her work tomorrow or fails in other activities ", adhd, 0
197488a2-db58-45dd-95c6-41431760ee5f, CDC definition, " miss important details or make careless mistakes fail in all schoolwork at work or waste in certain other school activities ", adhd, 0
b0302315-767a-4fdc-94e2-0f7deb8932d1, CDC definition, " miss unnecessary details or make seriously careless social mistakes because in her schoolwork at work or in other public activities ", adhd, 0
b0302315-767a-4fdc-94e2-0f7deb8932d1, CDC definition,  "Miss details or make careless mistakes in schoolwork  at work  or in other activities", adhd, 0
827374ef-2440-4d65-8204-1d9bdeccd64a, CDC definition, " have trouble staying focused only on play down activities or on work out tasks ", adhd, 0
f024a2c3-cceb-4127-aa5f-8fbe4ecd8b51, CDC definition, " have more trouble staying focused on physical play activities or not work related tasks ", adhd, 0
7a985304-3ab9-4119-aa71-11d81559ab05, CDC definition, " have more trouble if staying too focused on play activities or work specific tasks ", adhd, 0
7a985304-3ab9-4119-aa71-11d81559ab05, CDC definition,  "Have trouble staying focused on play activities or work tasks", adhd, 0
058c3732-64e4-45b7-b692-787c25fd5468, CDC definition, " not everybody seem to listen when having spoken to us directly ", adhd, 0
a0c22805-2b7c-4867-ba3d-7ef42fe4a57c, CDC definition, " not seem fit to listen properly when spoken to us directly ", adhd, 0
fb8de335-d1d9-496d-a1dd-f12dd8ea851c, CDC definition, " will not seem able to properly listen when spoken to directly ", adhd, 0
fb8de335-d1d9-496d-a1dd-f12dd8ea851c, CDC definition,  "Not seem to listen when spoken to directly", adhd, 0
1e363d20-e21b-498c-b8d5-4c66cd379e25, CDC definition, " both find it fairly hard to follow a instructions or finish multiple tasks difficult or may start but get easily left sidetracked ", adhd, 0
9147b417-cd35-4ea1-acdb-f86b30b79a01, CDC definition, " find it really hard ever to follow instructions or may finish several tasks or may start problems but get yourself easily sidetracked ", adhd, 0
e9a568b4-b1b4-4b65-a433-7a3df7977c8d, CDC definition, " find not it very hard to only follow certain instructions or finish tasks or may start to but get easily too sidetracked ", adhd, 0
e9a568b4-b1b4-4b65-a433-7a3df7977c8d, CDC definition,  "Find it hard to follow instructions or finish tasks  or may start but get easily sidetracked", adhd, 0
bc14d701-45a4-402a-a0ad-07661aba3ae7, CDC definition, " i have less trouble being too organized keeping these belongings in order and managing time ", adhd, 0
6c559432-3f89-4429-a61d-4176a24fff3e, CDC definition, " you have trouble... being organized by keeping belongings in order and no managing time ", adhd, 0
de16fec2-e0c3-4231-8b9b-9a2e073412cb, CDC definition, " you have trouble in being organized by keeping belongings in order and and managing time ", adhd, 0
de16fec2-e0c3-4231-8b9b-9a2e073412cb, CDC definition,  "Have trouble being organized  keeping belongings in order  and managing time", adhd, 0
dfcb244d-70bb-497a-b2eb-6fda00fc91db, CDC definition, " avoid doing unnecessary tasks that require too long periods off of mental fitness effort ", adhd, 0
28076576-6105-482a-800b-e8a1b5fac0a9, CDC definition, " avoid doing tasks that require very long periods or of continuous mental labour effort ", adhd, 0
5085601a-6dd8-4a2b-8f52-c21d94497d49, CDC definition, " to avoid him doing tasks like that require long periods worth of mental effort ", adhd, 0
5085601a-6dd8-4a2b-8f52-c21d94497d49, CDC definition,  "Avoid doing tasks that require long periods of mental effort", adhd, 0
a4181a95-2d6a-45f4-aa0d-f2364a884447, CDC definition, " foreigners lose certain important international items such such as books wallets keys eyeglasses used and mobile cellphones ", adhd, 0
f731292c-225f-4ef9-b95a-21475d830dd4, CDC definition, " some lose many important commercial items but such as books wallets keys... eyeglasses and some cellphones ", adhd, 0
32338c19-62bb-492d-b75f-7915cf348e41, CDC definition, " financial lose of important items such as books identification wallets identification keys eyeglasses... and certain cellphones ", adhd, 0
32338c19-62bb-492d-b75f-7915cf348e41, CDC definition,  "Lose important items  such as books  wallets  keys  eyeglasses  and cellphones", adhd, 0
d16ee304-4eb2-4b11-811b-d66d331f1269, CDC definition, " forget much about doing some daily bedroom activities ", adhd, 0
f8d0dfe0-9286-4eb4-b706-988088cf0889, CDC definition, " forget talking about just doing any daily activities ", adhd, 0
2d5e81ef-02ae-4737-928d-acd8b9424ec4, CDC definition, " please forget about doing some daily life activities ", adhd, 0
2d5e81ef-02ae-4737-928d-acd8b9424ec4, CDC definition,  "Forget about doing daily activities", adhd, 0
092cc4cb-da1d-4bbb-b535-399d9aaa73ac, CDC definition, " stop fidget and just squirm while being seated ", adhd, 0
9c52aeba-bfca-432f-b116-7bf56370ba1a, CDC definition, " you fidget and you squirm uncomfortably while seated ", adhd, 0
8fdb51a0-c1b5-4b60-9ab8-a7c4c5f5edcc, CDC definition, " fidget around and sometimes squirm while still seated ", adhd, 0
8fdb51a0-c1b5-4b60-9ab8-a7c4c5f5edcc, CDC definition,  "Fidget and squirm while seated", adhd, 0
aaab104c-791b-4c4c-b2b7-deed3c5c2ddd, CDC definition, " get up when he staying late seated is expected such persons as those at school trips or work ", adhd, 0
7a6698d5-d810-42dc-8f76-dfd87d9ea352, CDC definition, " get right up when her staying seated is expected tomorrow such as at his school or during work ", adhd, 0
c17957ed-a24e-46e4-8aed-31b248c13b19, CDC definition, " they get made up when staying properly seated is expected such as that at other school or work ", adhd, 0
c17957ed-a24e-46e4-8aed-31b248c13b19, CDC definition,  "Get up when staying seated is expected  such as at school or work", adhd, 0
41ba8545-6a49-41e3-95f7-8aa59b7f6eb8, CDC definition, " you run around or may climb when glad it's not appropriate ( other children ) but or they feel restless ( teens and other adults ) ", adhd, 0
87c585fb-4d4f-46cc-90b0-003f37a4d30c, CDC definition, " run blindly around mountains or climb when it'u s not appropriate ( with children )... or feel restless ( teens typically and younger adults ) ", adhd, 0
ec6ba891-5531-40c8-b61a-36021a88b6ba, CDC definition, " run run around or climb trees when it'd s not thought appropriate ( children ) or feel particularly restless ( senior teens and younger adults ) ", adhd, 0
ec6ba891-5531-40c8-b61a-36021a88b6ba, CDC definition,  "Run around or climb when it's not appropriate (children) or feel restless (teens and adults)", adhd, 0
95101025-3162-4baa-bfec-70aaf04502c0, CDC definition, " guys have more trouble to doing quiet activities ", adhd, 0
ea04eed5-f61d-4505-8772-198ffd1d43f8, CDC definition, " have great trouble even doing these quiet activities ", adhd, 0
1f3e82c9-47f8-4ba0-b3f7-ad10fbc29d53, CDC definition, " to have your trouble doing really quiet activities ", adhd, 0
1f3e82c9-47f8-4ba0-b3f7-ad10fbc29d53, CDC definition,  "Have trouble doing quiet activities", adhd, 0
9256f3cb-9fa7-4a48-8a5b-82b1b9502e8a, CDC definition, " gotta be constantly moving there or on in the go ", adhd, 0
3e6eafc1-c013-4132-9079-8dc350d205c6, CDC definition, " be it constantly moving or on on the last go ", adhd, 0
95f20bb4-a881-49cd-986e-892e25e274a6, CDC definition, " so be constantly moving fast or staying on the go ", adhd, 0
95f20bb4-a881-49cd-986e-892e25e274a6, CDC definition,  "Be constantly moving or on the go", adhd, 0
dfdaedbf-6b55-447d-aa62-db4f9c5b1068, CDC definition, " talk so much there more frequently than is normal ", adhd, 0
3b85506f-57ac-4e30-abad-c42394fa674e, CDC definition, " dogs talk through much more than is daily normal ", adhd, 0
4c0d8cac-dd19-4d38-8ae9-a27d2c54098f, CDC definition, " your talk sounds much more relaxed than is normal ", adhd, 0
4c0d8cac-dd19-4d38-8ae9-a27d2c54098f, CDC definition,  "Talk much more than is normal", adhd, 0
bab7bf1c-527b-4304-a6e7-267bdc7aa6d4, CDC definition, " always blurt out detailed answers before questions all are completed ", adhd, 0
887ee660-add2-4b5a-b70c-2ad858afc8ae, CDC definition, " and blurt back out the answers before questions are completed ", adhd, 0
eef84513-1234-4d80-b504-841c03e41554, CDC definition, " blurt... out answers before questions if are both completed ", adhd, 0
eef84513-1234-4d80-b504-841c03e41554, CDC definition,  "Blurt out answers before questions are completed", adhd, 0
f79a80ce-e656-4e3b-b28a-8faccc62f8f9, CDC definition, " i have enough trouble waiting for their sexual turn ", adhd, 0
34d95b9b-ddcb-44c0-900c-589e8e966f2d, CDC definition, " have trouble of waiting here for their second turn ", adhd, 0
d2192890-5f4c-46cc-a6dc-39366d95bbe7, CDC definition, " have enough trouble not waiting around for their turn ", adhd, 0
d2192890-5f4c-46cc-a6dc-39366d95bbe7, CDC definition,  "Have trouble waiting for their turn", adhd, 0
a67631d0-767d-4ff0-816d-5c6228d3dba1, CDC definition, " interrupt more others than for better example during conversations or games ", adhd, 0
780f1b80-cb9b-41aa-916d-deb1db41b1c7, CDC definition, " will interrupt others for example if during long conversations or games ", adhd, 0
e61bf608-3503-4d12-a878-17097dc3a864, CDC definition, " may interrupt others for example... during conversations or at games ", adhd, 0
e61bf608-3503-4d12-a878-17097dc3a864, CDC definition,  "Interrupt others for example during conversations or games", adhd, 0
3838427c-9353-45db-9ee0-08e190cb173d, CDC definition, " people with this particular type iii of mood adhd have trouble in paying detailed attention and are usually easily distracted. it's very hard for them to quickly organize or possibly finish tasks. they may have trouble following my instructions or conversations. ", adhd, 0
cfa7cb53-b4b6-4908-9114-37419909df4f, CDC definition, " people with this intense type of adhd have have trouble paying any attention and they are especially easily distracted. it'it s often hard learn for them to organize or possibly finish tasks. they may have trouble following certain instructions or conversations. ", adhd, 0
012ff5f7-c322-4704-98f1-8b3311dbec56, CDC definition, " also people with this type of adhd have trouble not paying attention and are many easily getting distracted. it's always hard for them to organize or correctly finish tasks. also they sometimes may have trouble simply following instructions or forming conversations. ", adhd, 0
012ff5f7-c322-4704-98f1-8b3311dbec56, CDC definition,  "People with this type of ADHD have trouble paying attention and are easily distracted. It's hard for them to organize or finish tasks. They may have trouble following instructions or conversations.", adhd, 0
f430f124-1aa0-4817-9aaa-a790e26f7d63, CDC definition, " people presenting with this other type of chronic adhd have symptoms characteristic of exhibiting both hyperactivity and generalized impulsivity : in cdc definition with hyperactivity people feel a need to always be moving. they have normal trouble sitting still and may also fidget and / or talk too excited much. ", adhd, 0
df3ed44f-ff63-4e02-9d57-10d6c5f2e4c5, CDC definition, " people with this type of adhd have symptoms of both hyperactivity and impulsivity : cdc definition someone with hyperactivity means people can feel a need to not always still be moving. they can have serious trouble sitting fully still frequently and may fidget constantly and / or talk too much. ", adhd, 0
362a3bae-0d6b-41ec-9606-ff78d4101c1c, CDC definition, " people with this rare type of adhd have symptoms reminiscent of both advanced hyperactivity symptoms and impulsivity : cdc article definition with this hyperactivity people feel a need to always be moving. that they always have trouble sitting still anymore and may fidget and / or not talk too much. ", adhd, 0
362a3bae-0d6b-41ec-9606-ff78d4101c1c, CDC definition,  "People with this type of ADHD have symptoms of both hyperactivity and impulsivity: CDC definition  With hyperactivity  people feel a need to always be moving. They have trouble sitting still and may fidget and/or talk too much.", adhd, 0
a1abc385-59e8-4ec1-98d6-e66609332520, CDC definition, " with impulsivity of people have trouble consciously controlling their very actions and words. they tend to act on sudden powerful ideas or feelings without thinking fully about the actual possible results. they may sometimes interrupt each others a little lot or have significant trouble waiting their turn. ", adhd, 0
d5e03a3e-6636-4093-aa4c-1c021e4c7180, CDC definition, " with their impulsivity people have trouble about controlling their actions words and words. they tend to act based on sudden ideas or feelings without thinking about whether the possible outcomes results. some they even may interrupt some others a lot or have trouble with waiting their turn. ", adhd, 0
7ebf4282-84d7-49e2-92e6-84a3eb2bc0de, CDC definition, " with impulsivity people will have trouble controlling their bodily actions and words. instead they tend to naturally act on sudden ideas or romantic feelings but without actually thinking about the possible results. they may interrupt others a lot early or occasionally have trouble waiting before their turn. ", adhd, 0
7ebf4282-84d7-49e2-92e6-84a3eb2bc0de, CDC definition,  "With impulsivity  people have trouble controlling their actions and words. They tend to act on sudden ideas or feelings without thinking about the possible results. They may interrupt others a lot or have trouble waiting their turn.", adhd, 0
9b11e4e8-f48a-48ad-8d17-9dbde48bd2a3, CDC definition, people dealing with this unique type of collective adhd have displayed a mix range of inattentive and hyperactive - impulsive psychotic symptoms. combined adhd alone is rated the third most common treatment type. ", adhd, 0
6e7e9079-b5bb-4004-b5eb-7499f35573bd, CDC definition, some people with both this type ii of progressive adhd have had a mix up of mildly inattentive and general hyperactive - impulsive symptoms. combined adhd treatment is the most severely common type. ", adhd, 0
1e6aeb8f-a435-49ec-9c6b-f53afd0761ca, CDC definition, the people treated with all this type of adhd have a mix up of inattentive craving and hyperactive - impulsive mood symptoms. combined combined bipolar adhd is the fifth most common treatment type. ", adhd, 0
1e6aeb8f-a435-49ec-9c6b-f53afd0761ca, CDC definition,  People with this type of ADHD have a mix of inattentive and hyperactive-impulsive symptoms. Combined ADHD is the most common type.", adhd, 0
80f74561-4994-4ce1-b6ba-e0a3eaaa968d, Mayoclinic definition, " professors fail to pay close attention either to details of or make careless mistakes inherent in good schoolwork ", adhd, 0
4a1eff11-b948-40be-acc1-0b5feea5ced2, Mayoclinic definition, " fail to voluntarily pay in close sufficient attention to details of or make careless mistakes when in schoolwork ", adhd, 0
cd5cbc5a-74c7-4f84-ac69-75b1fa79563b, Mayoclinic definition, " juniors fail to pay close attention next to details of or make seriously careless mistakes in doing schoolwork ", adhd, 0
cd5cbc5a-74c7-4f84-ac69-75b1fa79563b, Mayoclinic definition,  "Fail to pay close attention to details or make careless mistakes in schoolwork", adhd, 0
4c5c35df-616c-40e1-99ec-830bcf26742f, Mayoclinic definition, " have that trouble ever staying this focused in tasks or play ", adhd, 0
d450443d-d720-43f9-aa28-4a4374420348, Mayoclinic definition, " we have trouble at staying focused in such tasks or play ", adhd, 0
6bc6ee68-1aab-4fc9-8267-1effe725331e, Mayoclinic definition, " have trouble staying more focused in primary tasks or side play ", adhd, 0
6bc6ee68-1aab-4fc9-8267-1effe725331e, Mayoclinic definition,  "Have trouble staying focused in tasks or play", adhd, 0
7eb49c70-9461-494e-ad08-741146f39ed5, Mayoclinic definition, " ye appear again not to listen again even when never spoken to directly ", adhd, 0
9ecb7717-c3bc-4231-9e67-4e14d875b0c6, Mayoclinic definition, " appear not able to listen even carefully when being spoken to them directly ", adhd, 0
29ef67bb-0a6b-49d4-9390-e7a7ff866db2, Mayoclinic definition, " appear not one to listen even somewhat when not spoken... to directly ", adhd, 0
29ef67bb-0a6b-49d4-9390-e7a7ff866db2, Mayoclinic definition,  "Appear not to listen  even when spoken to directly", adhd, 0
083925c7-d6f4-4d4f-8974-9ddb3cba1828, CDC definition, " anxious are thoughts or beliefs that quickly are so hard to control. sometimes they make you feel restless and tense and all interfere with your daily life. so they don't go all away completely and them can always get worse over time. ", anxiety, 1
d08f7243-96f0-463e-afe0-6b50ea8e92f4, CDC definition, " no anxious thoughts or beliefs because that are hard already to control. they usually make you always feel... restless and tense before and interfere with your daily life. they usually do just not go away and can get any worse over time. ", anxiety, 1
bf97aab0-9f89-4d49-9064-d0b7b106bbc8, CDC definition, " anxious thoughts or beliefs that are hard put to control. however they rarely make you both feel restless and tense sometimes and interfere with your daily life. they do then not go completely away and things can get worse only over due time. ", anxiety, 1
bf97aab0-9f89-4d49-9064-d0b7b106bbc8, CDC definition,  "Anxious thoughts or beliefs that are hard to control. They make you feel restless and tense and interfere with your daily life. They do not go away and can get worse over time.", anxiety, 1
84863394-a57c-4f0d-aaa8-dc337d2f7f29, CDC definition, " physical therapist symptoms such as a hard pounding or rapid heartbeat unexplained respiratory aches throat and knees pains and dizziness and breath shortness sensations of sudden breath ", anxiety, 1
86232b49-795d-4760-b523-60cd2d6082c2, CDC definition, " overall physical symptoms vary such as either a pounding or unusually rapid irregular heartbeat accompanying unexplained joints aches and pains dizziness vomiting and occasional shortness of breath ", anxiety, 1
b7c58b9c-d745-422b-b8c3-d0894dde6dc9, CDC definition, " physical signs symptoms such as hearing a fast pounding or rapid beating heartbeat unexplained pain aches and muscle pains increased dizziness and pain shortness short of breath ", anxiety, 1
b7c58b9c-d745-422b-b8c3-d0894dde6dc9, CDC definition,  "Physical symptoms  such as a pounding or rapid heartbeat  unexplained aches and pains  dizziness  and shortness of breath", anxiety, 1
40a39fe1-b3b9-41ea-a9a9-a5edd31c1d75, CDC definition, " changes in your behavior has such as almost avoiding any everyday group activities you used to do ", anxiety, 1
5b7affa8-0fdf-48bc-bc2d-cbf8840a6928, CDC definition, " permanent changes in behavior being such or as avoiding certain everyday activities you used to never do ", anxiety, 1
16bf58be-be4e-419d-bb15-8ddf00d04aa8, CDC definition, " noticing changes in behavior behavior such as constantly avoiding everyday activities you have used to regularly do ", anxiety, 1
16bf58be-be4e-419d-bb15-8ddf00d04aa8, CDC definition,  "Changes in behavior  such as avoiding everyday activities you used to do", anxiety, 1
a40ad9ca-c5d3-43ce-9f9c-b2a485dea589, CDC definition, " no generalized anxiety disorder disorder ( or gad ). people with high gad do worry about ordinary issues such... as health money work and family. but sometimes their health worries really are excessive and they have them almost every day for at least 6 full months. ", anxiety, 1
90aff1a1-a9cf-43a0-a407-3addfe9b4b2a, CDC definition, " generalized anxiety disorder ( gad ). few people with major gad have worry about several ordinary issues such as health for money work and family. but their worries too are excessive and they have been them almost overwhelmed every day for years at point least 6 months. ", anxiety, 1
5741f959-7f32-4f1b-a04c-550493f7f40a, CDC definition, " advanced generalized anxiety secondary disorder ( modified gad ). people with gad often worry about ordinary issues such as health over money work habits and family. but their own worries are considered excessive today and they have them almost constantly every day for at least 6 months. ", anxiety, 1
5741f959-7f32-4f1b-a04c-550493f7f40a, CDC definition,  "Generalized anxiety disorder (GAD). People with GAD worry about ordinary issues such as health  money  work  and family. But their worries are excessive  and they have them almost every day for at least 6 months.", anxiety, 1
f0512e4f-f8da-4044-a70a-f648b408c6e8, CDC definition, " panic and disorder. people awake with some panic disorder disorder have panic panic attacks. these are sudden repeated periods full of so intense fear when there is no danger. the attacks always come hard on quickly and hence can last several minutes or more. ", anxiety, 1
e1639c44-32e5-4779-b0bb-90c950e89a79, CDC definition, " panic disorder. typically people with panic disorder have intense panic attacks. these attack are sudden but repeated severe periods of intense initial fear seen when there truly is no danger. the first attacks come on quickly and can last several minutes or sometimes more. ", anxiety, 1
51efae13-cd24-480a-8890-f03c4d4b741c, CDC definition, " panic disorder. most people with panic disorder do have panic attack attacks. these are sudden people repeated brief periods of intense sudden fear when suddenly there too is no danger. the attacks come on quickly and usually can easily last several minutes or more. ", anxiety, 1
51efae13-cd24-480a-8890-f03c4d4b741c, CDC definition,  "Panic disorder. People with panic disorder have panic attacks. These are sudden  repeated periods of intense fear when there is no danger. The attacks come on quickly and can last several minutes or more.", anxiety, 1
2c38d810-0a56-4a0c-9df4-5c6718cbfd08, CDC definition, " phobias. maybe people infected with phobias have an intense fear of something important that usually poses little or near no or actual danger. maybe their fear may be about spiders flying going in to extremely crowded places or being in social situations ( known broadly as social anxiety ). ", anxiety, 1
cc02d155-d579-497e-b8ad-6784c4443778, CDC definition, " phobias. people with phobias have reported an intense overwhelming fear of protecting something that poses little clue or no actual danger. their fear too may be about spiders and flying going out to overly crowded places or those being in social situations ( known as low social anxiety ). ", anxiety, 1
74bd1dd9-90a2-4d3a-9dcd-79cf0170d0c4, CDC definition, " heightened phobias. people covered with extreme phobias can have often an intense fear of something that otherwise poses extremely little or no actual danger. their main fear may be about spiders and flying going to crowded places or being ignored in social situations ( known as social anxiety ). ", anxiety, 1
74bd1dd9-90a2-4d3a-9dcd-79cf0170d0c4, CDC definition,  "Phobias. People with phobias have an intense fear of something that poses little or no actual danger. Their fear may be about spiders  flying  going to crowded places  or being in social situations (known as social anxiety).", anxiety, 1
df19c593-3f48-4b47-8c24-beca477d4953, Psychiatry.org definition, " pulse palpitations and pounding heart or very rapid muscle heart rate ", anxiety, 1
34f344f9-567f-46bc-bb20-550612512655, Psychiatry.org definition, " nervous palpitations from pounding heart or rapid beating heart heart rate ", anxiety, 1
f6f5e0d9-a0ea-4d56-bd6a-3690ebfa3ece, Psychiatry.org definition, " palpitations in pounding or heart trouble or rapid racing heart rate ", anxiety, 1
f6f5e0d9-a0ea-4d56-bd6a-3690ebfa3ece, Psychiatry.org definition,  "Palpitations  pounding heart or rapid heart rate", anxiety, 1
d773666e-6413-46a8-aa0e-29a37ce809df, Psychiatry.org definition, " still sweating ", anxiety, 1
cf866737-9f86-4d36-b75b-adec84e66d52, Psychiatry.org definition, " the sweating ", anxiety, 1
48591b2e-23e9-40fd-ab92-56c8eed3c35c, Psychiatry.org definition, " for sweating ", anxiety, 1
48591b2e-23e9-40fd-ab92-56c8eed3c35c, Psychiatry.org definition,  "Sweating", anxiety, 1
6daba2c6-9158-4c96-a3fd-5c3755e116ab, Psychiatry.org definition, " not trembling or hard shaking ", anxiety, 1
d5449c19-2f50-4d1b-9ecc-ce4aa6e1c5c2, Psychiatry.org definition, " trembling hands or not shaking ", anxiety, 1
36f4bce2-7800-4669-b8ab-eab371422cef, Psychiatry.org definition, " trembling... or the shaking ", anxiety, 1
36f4bce2-7800-4669-b8ab-eab371422cef, Psychiatry.org definition,  "Trembling or shaking", anxiety, 1
ab0bb507-284b-4dcd-b84e-a630d6840254, Psychiatry.org definition, " or feeling of complete shortness of breath or or smothering intense sensations ", anxiety, 1
7b19fde4-8959-46ce-9e88-a4b7a4971e0d, Psychiatry.org definition, " and feeling sort of shortness of breath or just smothering warm sensations ", anxiety, 1
2106d4db-7ee8-4c64-a28c-71d52cf28311, Psychiatry.org definition, " one feeling of a shortness of your breath means or smothering sensations ", anxiety, 1
2106d4db-7ee8-4c64-a28c-71d52cf28311, Psychiatry.org definition,  "Feeling of shortness of breath or smothering sensations", anxiety, 1
32e77a39-3e03-47dd-b4b6-0dbe9c8a94bd, Psychiatry.org definition, " just chest compression pain ", anxiety, 1
691288d9-478a-45d6-bfc0-dfd581fe7375, Psychiatry.org definition, " aching chest with pain ", anxiety, 1
493b8e94-cca9-428b-a495-3a96c693b829, Psychiatry.org definition, " sensitive chest with pain ", anxiety, 1
493b8e94-cca9-428b-a495-3a96c693b829, Psychiatry.org definition,  "Chest pain", anxiety, 1
29e72856-a39a-43b3-9090-6dde80a23e5e, Psychiatry.org definition, " feeling the dizzy or light - headed as or faint ", anxiety, 1
49fa3905-1956-445c-a28a-a4111c475227, Psychiatry.org definition, " someone feeling dizzy is light - headed or quite faint ", anxiety, 1
051684ef-d0d3-4f43-b2ed-1480e7412723, Psychiatry.org definition, " still feeling dizzy like light - headed or feeling faint ", anxiety, 1
051684ef-d0d3-4f43-b2ed-1480e7412723, Psychiatry.org definition,  "Feeling dizzy  light-headed or faint", anxiety, 1
9a2ad932-8957-4e3e-833c-cb1cac3e39c9, Psychiatry.org definition, " about feeling shy of choking ", anxiety, 1
90a2e542-7458-4800-bd27-d9a5f0c94443, Psychiatry.org definition, " feeling sick of tears choking ", anxiety, 1
e4d18c90-e2ab-4f6e-933c-c35c0b5b5347, Psychiatry.org definition, " more feeling of about choking ", anxiety, 1
e4d18c90-e2ab-4f6e-933c-c35c0b5b5347, Psychiatry.org definition,  "Feeling of choking", anxiety, 1
f80c6e08-3500-44cf-9c16-37dd655257ad, Psychiatry.org definition, " numbness like or still tingling ", anxiety, 1
440187dd-7ff8-4f47-a7c1-16f31f0d7045, Psychiatry.org definition, " just numbness or normal tingling ", anxiety, 1
55003006-7e86-4ca1-9109-390da30e86b2, Psychiatry.org definition, " an numbness shock or tingling ", anxiety, 1
55003006-7e86-4ca1-9109-390da30e86b2, Psychiatry.org definition,  "Numbness or tingling", anxiety, 1
97d84e90-826d-4fdb-9958-2211c165607b, Psychiatry.org definition, " so chills here or hot black flashes ", anxiety, 1
b1f21153-e996-49e1-a121-87f296d75f59, Psychiatry.org definition, " without chills... or hot electrical flashes ", anxiety, 1
f86a9d31-2af4-47d6-96fa-d56709b8d95e, Psychiatry.org definition, " for chills or painful hot pink flashes ", anxiety, 1
f86a9d31-2af4-47d6-96fa-d56709b8d95e, Psychiatry.org definition,  "Chills or hot flashes", anxiety, 1
84f7deda-e4e2-400c-af12-9b7b70477cff, Psychiatry.org definition, " are nausea widespread or abdominal pains ", anxiety, 1
4c3a98cc-7fc1-436b-a701-79058180a2b1, Psychiatry.org definition, " nausea or abdominal abdominal compression pains ", anxiety, 1
25a45c91-b9c5-444c-bc98-62e762ed9f2a, Psychiatry.org definition, " mild nausea or other abdominal pains ", anxiety, 1
25a45c91-b9c5-444c-bc98-62e762ed9f2a, Psychiatry.org definition,  "Nausea or abdominal pains", anxiety, 1
dafb47df-db78-4b54-a625-fd76f2ce07b8, Psychiatry.org definition, " just feeling kinda detached ", anxiety, 1
a1bbd280-19e5-447d-aa81-9ddd3c2ea9ac, Psychiatry.org definition, " do feeling feel detached ", anxiety, 1
a560b319-c377-46af-9c09-d39bb02cd691, Psychiatry.org definition, " from feeling so detached ", anxiety, 1
a560b319-c377-46af-9c09-d39bb02cd691, Psychiatry.org definition,  "Feeling detached", anxiety, 1
cd42f5f3-dfb0-40b8-9dbb-c2e1fabcae46, Psychiatry.org definition, " fear of me losing some control ", anxiety, 1
3707c314-654f-4dc2-b059-61086c56ad24, Psychiatry.org definition, " in fear of losing our control ", anxiety, 1
ebd1e3c4-cf08-41a0-8524-7ee990d10779, Psychiatry.org definition, " or fear of losing self control ", anxiety, 1
ebd1e3c4-cf08-41a0-8524-7ee990d10779, Psychiatry.org definition,  "Fear of losing control", anxiety, 1
8a86f93d-e5dd-4540-bc0b-2b40302c2dbb, Psychiatry.org definition, " fear instead of never dying ", anxiety, 1
678e50d9-f550-4c20-bf69-2baba00a38b5, Psychiatry.org definition, " the fear... of dying ", anxiety, 1
40857b96-98b9-4afa-bd18-58fcc46e3ea2, Psychiatry.org definition, " she fear me of dying ", anxiety, 1
40857b96-98b9-4afa-bd18-58fcc46e3ea2, Psychiatry.org definition,  "Fear of dying", anxiety, 1
c1a1f890-8297-47d5-b74f-2e3d6ffe5522, Psychiatry.org definition, " transportation using public transportation transportation ", anxiety, 1
4a3bc647-ea64-4581-b95c-64c857c2d2ff, Psychiatry.org definition, " adolescents using public mental transportation ", anxiety, 1
4c4935f5-7c12-44f6-af5a-2366fae93b26, Psychiatry.org definition, " safety using public public transportation ", anxiety, 1
4c4935f5-7c12-44f6-af5a-2366fae93b26, Psychiatry.org definition,  "Using public transportation", anxiety, 1
ebda116c-5f3e-4705-82ab-b045ec837431, Psychiatry.org definition, " being out in huge open spaces ", anxiety, 1
2016b8f4-bfb5-4cbd-ab74-9799e9c1f25a, Psychiatry.org definition, " being buried in open air spaces ", anxiety, 1
c2c859db-4272-43d5-b038-3f8f76e86ebd, Psychiatry.org definition, " enjoying being alone in open spaces ", anxiety, 1
c2c859db-4272-43d5-b038-3f8f76e86ebd, Psychiatry.org definition,  "Being in open spaces", anxiety, 1
6c2e9b37-4cd9-475a-b16e-1b4640a3e7aa, Psychiatry.org definition, " and being alone in enclosed places ", anxiety, 1
abac40d7-ada7-49cd-bbf2-94ad4e573454, Psychiatry.org definition, " except being in enclosed eating places ", anxiety, 1
d82c253a-d350-498a-b62d-dd19c4ab5d95, Psychiatry.org definition, " being trapped in extremely enclosed places ", anxiety, 1
d82c253a-d350-498a-b62d-dd19c4ab5d95, Psychiatry.org definition,  "Being in enclosed places", anxiety, 1
b49ab7ff-44a2-4269-b4fd-37ae0662e76d, Psychiatry.org definition, " standing off in line or purposely being off in a crowd ", anxiety, 1
d9e46c6e-f5d9-4930-bf2e-86a0ba2dbe84, Psychiatry.org definition, "... standing in line or simply being in among a crowd ", anxiety, 1
42bc585e-361f-4e6f-b8be-9abd07c04292, Psychiatry.org definition, " standing around in any line or being in to a crowd ", anxiety, 1
42bc585e-361f-4e6f-b8be-9abd07c04292, Psychiatry.org definition,  "Standing in line or being in a crowd", anxiety, 1
41bd385d-2b20-4177-b38e-4734d0474bca, Psychiatry.org definition, " and being held outside leaves the home alone ", anxiety, 1
c680cbc6-f389-4103-bd5e-e3387c27a0e8, Psychiatry.org definition, " being caught outside her the family home alone ", anxiety, 1
cd2b10db-6cb9-450e-a181-b0998d79e77d, Psychiatry.org definition, " not being outside your the home bed alone ", anxiety, 1
cd2b10db-6cb9-450e-a181-b0998d79e77d, Psychiatry.org definition,  "Being outside the home alone", anxiety, 1
d6664c2c-b315-41f1-be62-4f1219c7db38, CDC definition, " a feeling... very up there high or elated ", bipolar, 2
cb0d08c6-0656-4eef-a71b-bcd8d698bee1, CDC definition, " feeling really very messed up high today or elated ", bipolar, 2
ae7d8ccd-c4f4-4f3e-8ae0-6fa10759adbd, CDC definition, " feeling... very much up high or simply elated ", bipolar, 2
ae7d8ccd-c4f4-4f3e-8ae0-6fa10759adbd, CDC definition,  "Feeling very up  high  or elated", bipolar, 2
b87af32c-b4ca-4205-8f0a-d05e4e3eb6f4, CDC definition, " nobody feeling jumpy now or wired more unusually active than is usual ", bipolar, 2
b1532a9c-e70b-448e-bbe8-9ce1f904bb6a, CDC definition, " feeling jumpy or get wired is more im active more than usual ", bipolar, 2
330e6144-352f-442b-a4b3-b270f3d2f352, CDC definition, " just feeling very jumpy lately or wired more highly active than usual ", bipolar, 2
330e6144-352f-442b-a4b3-b270f3d2f352, CDC definition,  "Feeling jumpy or wired  more active than usual", bipolar, 2
ec44cb4c-17eb-43b0-bc29-a9973780b646, CDC definition, " having a very terribly short temper yourself or seeming somewhat extremely nearly irritable ", bipolar, 2
f2193f90-8490-4f15-8422-85ac98b77420, CDC definition, " having had a very short temper usually or seeming also extremely damn irritable ", bipolar, 2
09eebf4b-7898-41e8-a62c-6489d49db11f, CDC definition, " having having a very... short temper... or seeming particularly extremely irritable ", bipolar, 2
09eebf4b-7898-41e8-a62c-6489d49db11f, CDC definition,  "Having a very short temper or seeming extremely irritable", bipolar, 2
b28a2820-a839-45e8-a1fe-d2bc0e732ca3, CDC definition, " having racing thoughts again and keeps talking very... fast ", bipolar, 2
8147c11a-6ba7-4c1c-9acd-dd4996781654, CDC definition, " people having racing thoughts and maybe talking sounds very fast ", bipolar, 2
ed98e0c5-1436-42e4-ae36-8233a81b22c0, CDC definition, " just having serious racing thoughts and talking very good fast ", bipolar, 2
ed98e0c5-1436-42e4-ae36-8233a81b22c0, CDC definition,  "Having racing thoughts and talking very fast", bipolar, 2
14c7a363-605b-475e-9ebf-2f058c655508, CDC definition, " needing slightly less proper sleep ", bipolar, 2
3d87b0bc-315e-453a-a998-272b0710f28c, CDC definition, " needing you less of sleep ", bipolar, 2
e9b1439c-c6d0-4082-8280-147e7faf0d86, CDC definition, " just needing slightly less sleep ", bipolar, 2
e9b1439c-c6d0-4082-8280-147e7faf0d86, CDC definition,  "Needing less sleep", bipolar, 2
81977ba3-6fa2-47d5-a25d-1beb2ce95877, CDC definition, " feeling feeling like losing you again are unusually important talented fellow or powerful ", bipolar, 2
95efed3a-5dcf-4eae-89bf-a0cd1f38565f, CDC definition, " like feeling like you all are unusually... important is talented or powerful ", bipolar, 2
dc1e028a-449a-4735-a983-cab72c0982c6, CDC definition, " never feeling like you themselves are unusually important talented indeed or actually powerful ", bipolar, 2
dc1e028a-449a-4735-a983-cab72c0982c6, CDC definition,  "Feeling like you are unusually important  talented  or powerful", bipolar, 2
b66a091c-3259-4b68-aa9f-e844fe3a2fe3, CDC definition, " do all risky business things that show poor judgment here such as eating and drinking and too damn much spending or sometimes giving away pocket a lot of money or by having physically reckless sex ", bipolar, 2
cd4bb90f-75d5-4ac5-9023-391a0b6bbd06, CDC definition, " do risky personal things also that show a poor judgment with such that as by eating and drinking too much spending energy or emotionally giving away a lot of money or having a reckless sex ", bipolar, 2
f984249c-3a0e-4d9c-b61b-fb126c728da5, CDC definition, " do risky things because that would show poor judgment such problems as eating and drinking too very much spending alcohol or giving away himself a lot because of money alcohol or having other reckless sex ", bipolar, 2
f984249c-3a0e-4d9c-b61b-fb126c728da5, CDC definition,  "Do risky things that show poor judgment  such as eating and drinking too much  spending or giving away a lot of money  or having reckless sex", bipolar, 2
f10b9abe-e939-4503-8630-98b5595afb44, CDC definition, " but feeling very sad about hopeless or simply worthless ", bipolar, 2
db70011f-ee25-41f8-ada1-d5053a0ffa6c, CDC definition, " feeling very sad sad hopeless sorrow or very worthless ", bipolar, 2
6815fa18-8509-470e-87a0-8051de4c4701, CDC definition, " for feeling very little sad hopeless pretty or worthless ", bipolar, 2
6815fa18-8509-470e-87a0-8051de4c4701, CDC definition,  "Feeling very sad  hopeless  or worthless", bipolar, 2
b79d099b-4cb4-48f9-b749-3da833092c7e, CDC definition, " feeling lonely or from isolating yourself even from meeting others ", bipolar, 2
afe2b7cd-d4c6-463e-8449-43a97c3037b6, CDC definition, " keep feeling me lonely or even isolating yourself from others ", bipolar, 2
e2490064-9503-4d22-a9b0-35239c041400, CDC definition, " feeling lonely alone or emotionally isolating yourself emotionally from others ", bipolar, 2
e2490064-9503-4d22-a9b0-35239c041400, CDC definition,  "Feeling lonely or isolating yourself from others", bipolar, 2
021976c5-5947-489c-a1be-d384dabe6669, CDC definition, " if talking backward very slowly meant feeling like you have nothing to actually say or simply forgetting a lot ", bipolar, 2
b413c76d-3bba-4827-a8c2-1e147ebf9b58, CDC definition, " talking forward very slowly means feeling increasingly like you have nothing to say anymore or forgetting quite a lot ", bipolar, 2
651f132f-dcf5-4537-9af3-1805c1a8e690, CDC definition, " me talking very slowly is feeling like you still have still nothing to say or possibly forgetting a lot ", bipolar, 2
651f132f-dcf5-4537-9af3-1805c1a8e690, CDC definition,  "Talking very slowly  feeling like you have nothing to say  or forgetting a lot", bipolar, 2
831bc648-272c-4a8d-9f43-af9bb811b98d, CDC definition, " having a little wasted energy ", bipolar, 2
1bfc94d6-7cd3-4455-8f36-59164280a8da, CDC definition, " having a little brain energy ", bipolar, 2
71497742-5600-4590-b860-e286a23e7b86, CDC definition, " by having what little energy ", bipolar, 2
71497742-5600-4590-b860-e286a23e7b86, CDC definition,  "Having little energy", bipolar, 2
233a127a-bf66-42eb-b859-9877390c498d, CDC definition, " this sleeping seems too much ", bipolar, 2
ec2d78ce-2629-49a8-996c-0f685c4619ae, CDC definition, " when sleeping happens too much ", bipolar, 2
4f0658a3-b1b9-4403-ab17-928423ae42f4, CDC definition, " and sleeping too... much ", bipolar, 2
4f0658a3-b1b9-4403-ab17-928423ae42f4, CDC definition,  "Sleeping too much", bipolar, 2
efcf1e17-8547-475a-8288-876fc550161f, CDC definition, " are eating too much meat or drinking too little ", bipolar, 2
fad474dd-0e1d-441a-b1ae-6e547a959e03, CDC definition, " eating for too good much milk or too little ", bipolar, 2
c84a529f-de9f-4944-ae82-f2e4600fa8f5, CDC definition, " eating too too much... or swallowing too little ", bipolar, 2
c84a529f-de9f-4944-ae82-f2e4600fa8f5, CDC definition,  "Eating too much or too little", bipolar, 2
e558490f-1731-4d5d-bd5f-27b120cd0f8b, CDC definition, " why lack thereof of his interest in your usual activities department and being unable to think do even many simple things ", bipolar, 2
aae3f128-b270-4c9a-b425-8127a995d3c6, CDC definition, " and lack of the interest in keeping your usual activities about and being unable to do even certain simple enough things ", bipolar, 2
0192af9f-dcb8-4c1d-af1a-e2010be4cc68, CDC definition, " the lack of interest only in your usual activities and always being unable simply to do the even relatively simple things ", bipolar, 2
0192af9f-dcb8-4c1d-af1a-e2010be4cc68, CDC definition,  "Lack of interest in your usual activities and being unable to do even simple things", bipolar, 2
82808b60-0b95-4266-9d99-f2e35a6332e3, CDC definition, " probably thinking about your death or perhaps suicide ", bipolar, 2
f6cbf95a-931a-487c-b49f-d9066b82a240, CDC definition, " someone thinking about death wish or attempted suicide ", bipolar, 2
6b74a02d-b549-4ae3-ab5f-9f4300aa749e, CDC definition, " thinking is about death either or choosing suicide ", bipolar, 2
6b74a02d-b549-4ae3-ab5f-9f4300aa749e, CDC definition,  "Thinking about death or suicide", bipolar, 2
a6e6555c-1aa2-4ac3-89e1-7cb66666748b, CDC definition, " the symptoms of a true mixed dream episode may include linking both the manic and severe depressive symptoms together. imagine for example how you may not feel very sad empty or hopeless while at the same time time feeling extremely energized. ", bipolar, 2
b8728463-4e73-49de-bd4a-d9dd823ec89f, CDC definition, " the symptoms involved of a mixed breakup episode might include both manic and depressive individual symptoms tied together. thus for example you may feel both very quickly sad and empty or hopeless while both at the same time feeling extremely energized. ", bipolar, 2
36a4c57d-f9ef-459b-9ec2-43cf2562e9fe, CDC definition, " the symptoms of a mixed episode include both manic episodes and depressive symptoms together. for that example you may feel less very sad and empty inside or hopeless while many at the extreme same time are feeling more extremely so energized. ", bipolar, 2
36a4c57d-f9ef-459b-9ec2-43cf2562e9fe, CDC definition,  "The symptoms of a mixed episode include both manic and depressive symptoms together. For example  you may feel very sad  empty  or hopeless  while at the same time feeling extremely energized.", bipolar, 2
f7e54685-7e50-451f-a070-1574645cadc0, CDC definition, " just sometimes because you personally may feel increasingly extremely up tempo elated irritable about or energized. this phenomenon is called probably a manic personality episode. ", bipolar, 2
1f87193f-8a6d-47ac-b8a9-a3210a5c01d2, CDC definition, " sometimes then you may feel very extremely up from elated and irritable sometimes or slightly energized. well this is often called a zombie manic episode. ", bipolar, 2
d884e4e0-7f10-4fa2-b02e-0145a2cbe8d6, CDC definition, " sometimes but you really may feel extremely fed up elated irritable to or strangely energized. thus this episode is called all a manic man episode. ", bipolar, 2
d884e4e0-7f10-4fa2-b02e-0145a2cbe8d6, CDC definition,  "Sometimes you may feel extremely up  elated  irritable  or energized. This is called a manic episode.", bipolar, 2
cfff789d-0a6c-4758-824c-d4ef850a05b6, CDC definition, " other times you myself may feel down sad but indifferent myself or simply hopeless. this is commonly called having a terminal depressive episode. ", bipolar, 2
a8761237-ef73-4ca9-a382-10ef6d4a8b27, CDC definition, " in other times you may only feel dropped down under sad indifferent or hopeless. this is not called having a social depressive episode. ", bipolar, 2
ddc37335-2861-4a93-92d4-0933cb541a43, CDC definition, " with other desperate times you just may simply feel down sad indifferent or hopeless. this condition is called a generalized depressive panic episode. ", bipolar, 2
ddc37335-2861-4a93-92d4-0933cb541a43, CDC definition,  "Other times you may feel down  sad  indifferent  or hopeless. This is called a depressive episode.", bipolar, 2
d63afafd-3cae-4382-9b1a-7886a3106f40, CDC definition, " you may still have both manic and international depressive disorder symptoms together. but this condition is called... a mildly mixed episode. ", bipolar, 2
41bcb5cf-abe6-4137-bfb3-44252874aebf, CDC definition, " then you guys may still have both manic and depressive symptoms coming together. normally this is called a persistent mixed personality episode. ", bipolar, 2
717d488a-470c-48d6-9e71-6d77fa2c4945, CDC definition, " usually you may have both manic depression and depressive symptoms together. this type is frequently called achieving a severe mixed personality episode. ", bipolar, 2
717d488a-470c-48d6-9e71-6d77fa2c4945, CDC definition,  "You may have both manic and depressive symptoms together. This is called a mixed episode.", bipolar, 2
18290f03-1fd2-41db-8cbb-82e77bb99dba, CDC definition, " this along with violent mood mood swings bipolar system disorder causes changes in behavior across energy levels and activity rate levels. ", bipolar, 2
92e99a55-2206-4925-a458-4048274b134a, CDC definition, " language along with mood severe swings including bipolar disorder sometimes causes changes overall in behavior energy levels and activity intensity levels. ", bipolar, 2
22ce12c8-e8f5-40c8-9329-c04ca2ea2596, CDC definition, " along with typical mood control swings a bipolar spectrum disorder usually causes changes in behavior control energy levels and activity levels. ", bipolar, 2
22ce12c8-e8f5-40c8-9329-c04ca2ea2596, CDC definition,  "Along with mood swings  bipolar disorder causes changes in behavior  energy levels  and activity levels.", bipolar, 2
1bd8a6a6-304e-4b01-9292-de23abcabe73, CDC definition, " depression bipolar disorder... used to be gradually called other names including perhaps manic depression itself and manic - small depressive syndrome disorder. ", bipolar, 2
9567b629-55e7-4401-b78d-d2f51bb41bc5, CDC definition, " bipolar disorder used to sometimes be called with other names including this manic unstable depression factor and the manic - mild depressive disorder. ", bipolar, 2
6acfd5f9-ee7e-466e-8647-5e101a4be035, CDC definition, " early bipolar anxiety disorder used only to be called in other names including manic behavioral depression disorders and manic - induced depressive disorder. ", bipolar, 2
6acfd5f9-ee7e-466e-8647-5e101a4be035, CDC definition,  "Bipolar disorder used to be called other names  including manic depression and manic-depressive disorder.", bipolar, 2
cfa5be38-9ec9-4795-a42b-12ec09d7311b, Mayoclinic definition, " the abnormally large upbeat jumpy party or wired ", bipolar, 2
a10f3413-07d8-41df-9bfe-24f4a86ccf15, Mayoclinic definition, " abnormally upbeat if jumpy girl or overly wired ", bipolar, 2
f93a7e35-a86c-47b0-9143-259434caf344, Mayoclinic definition, " usually abnormally often upbeat jumpy or overly wired ", bipolar, 2
f93a7e35-a86c-47b0-9143-259434caf344, Mayoclinic definition,  "Abnormally upbeat  jumpy or wired", bipolar, 2
d8f02a05-5b3b-4753-9685-5ca2ef1fdb49, Mayoclinic definition, " rapid increased industrial activity energy signature or agitation ", bipolar, 2
bef1ec6a-ed2f-44b1-82e2-ef7674baf82b, Mayoclinic definition, " increased human activity regarding energy generation or agitation ", bipolar, 2
86636a15-fdda-4c4c-8bab-7a41dffd6351, Mayoclinic definition, " an increased human activity energy management or agitation ", bipolar, 2
86636a15-fdda-4c4c-8bab-7a41dffd6351, Mayoclinic definition,  "Increased activity  energy or agitation", bipolar, 2
e799d57a-4f86-4568-99fb-c0d3f17911ec, Mayoclinic definition, " and exaggerated general sense quality of well - rounded being... and self - earned confidence ( euphoria ) ", bipolar, 2
684e83fe-308e-4a2a-8758-1e0204aee907, Mayoclinic definition, " exaggerated status sense marks of well - well being appearance and a self - absorbed confidence ( euphoria ) ", bipolar, 2
3d7580e5-4c3f-4ed2-b2a4-b7b9718facd9, Mayoclinic definition, " some exaggerated pain sense effects of personality well - rounded being and self - confidence ( partial euphoria ) ", bipolar, 2
3d7580e5-4c3f-4ed2-b2a4-b7b9718facd9, Mayoclinic definition,  "Exaggerated sense of well-being and self-confidence (euphoria)", bipolar, 2
a4ef94f8-7c0a-4985-806a-8ad71383c744, CDC definition of depression, " for feeling you sad or empty ", depression, 3
041af16e-b15b-4292-81fd-12a20df012f7, CDC definition of depression, " or feeling sad sometimes or empty ", depression, 3
d0e9bd28-5a2f-43c5-9d44-c27a41763fde, CDC definition of depression, " feeling so sad again or empty ", depression, 3
d0e9bd28-5a2f-43c5-9d44-c27a41763fde, CDC definition of depression,  "Feeling sad or empty", depression, 3
43d158df-80d7-49b1-b424-76c1abb72fc6, CDC definition of depression, " and loss of interest again in my favorite activities ", depression, 3
25d12510-fa51-41f4-89a0-218cc54906da, CDC definition of depression, " loss data of interest rates in favorite viewing activities ", depression, 3
b6a4eff8-e273-4fbd-8307-9a683f28bf0d, CDC definition of depression, " loss effect of interest time in favorite leisure activities ", depression, 3
b6a4eff8-e273-4fbd-8307-9a683f28bf0d, CDC definition of depression,  "Loss of interest in favorite activities", depression, 3
ff3b5977-40f6-417e-86ed-2cbdd34f16ab, CDC definition of depression, " maybe overeating or not even wanting to eat is at least all ", depression, 3
49348dc8-4bed-45cb-af03-c24ca02f8cd8, CDC definition of depression, " overeating tickets or not and wanting people to eat cake at all ", depression, 3
315bec80-1bd9-4d05-8966-fe6c70d02131, CDC definition of depression, " and overeating or not wanting children to eat it at... all ", depression, 3
315bec80-1bd9-4d05-8966-fe6c70d02131, CDC definition of depression,  "Overeating  or not wanting to eat at all", depression, 3
55871e75-43a4-47b9-9d4d-ddc36bcda623, CDC definition of depression, " you not being fully able to sleep normally or sleeping was too much ", depression, 3
e0f2681a-68a3-4182-9489-ead786ddaf66, CDC definition of depression, " is not being very able hard to sleep or sleeping too bloody much ", depression, 3
7b17ebc7-520d-435a-8e51-bc7de5b77afe, CDC definition of depression, " or not being able anymore to sleep long or sleeping too freaking much ", depression, 3
7b17ebc7-520d-435a-8e51-bc7de5b77afe, CDC definition of depression,  "Not being able to sleep  or sleeping too much", depression, 3
ff5470a1-5cf0-42ae-9ea9-879fc4986e45, CDC definition of depression, " feeling quite very badly tired ", depression, 3
c118dc47-5aad-4819-b05e-205a10f6a9f4, CDC definition of depression, " after feeling a very tired ", depression, 3
37ad46db-d0b7-4b4a-9def-4c4c890ec22c, CDC definition of depression, " still feeling very damn tired ", depression, 3
37ad46db-d0b7-4b4a-9def-4c4c890ec22c, CDC definition of depression,  "Feeling very tired", depression, 3
7aea988c-4750-4311-9506-143137117014, CDC definition of depression, " rather feeling hopeless than irritable anxious or feel guilty ", depression, 3
111e7fda-2963-4026-8896-39e4aec7cf1b, CDC definition of depression, " have feeling hopeless irritable anxious over or depressed guilty ", depression, 3
aec8ee98-46c5-4121-a7fc-614c70c970a2, CDC definition of depression, " or feeling hopeless irritable as anxious or or guilty ", depression, 3
aec8ee98-46c5-4121-a7fc-614c70c970a2, CDC definition of depression,  "Feeling hopeless  irritable  anxious  or guilty", depression, 3
adccd176-1d1a-435f-8330-ef3da158df62, CDC definition of depression, " shoulder aches headache or stomach pains headaches cramps kidney or digestive failure problems ", depression, 3
f84fe9ae-3e89-4b05-a8c4-f0fb459b9557, CDC definition of depression, " aches muscles or chest pains headaches violent cramps muscles or sweating digestive problems ", depression, 3
ba69b6ba-85c0-4e73-8c89-2e82c711fea5, CDC definition of depression, " only aches or or pains or headaches no cramps or groans digestive problems ", depression, 3
ba69b6ba-85c0-4e73-8c89-2e82c711fea5, CDC definition of depression,  "Aches or pains  headaches  cramps  or digestive problems", depression, 3
456da9e6-40cf-46ce-ac3e-7a96db0db5e2, CDC definition of depression, " any thoughts of a death tomorrow or suicide ", depression, 3
d75d3915-e21a-48e0-824b-d1b365ae07f6, CDC definition of depression, " no thoughts of one death pact or suicide ", depression, 3
20e547b8-7ea7-4514-b335-888e2e1081ba, CDC definition of depression, " with thoughts both of death or virtual suicide ", depression, 3
20e547b8-7ea7-4514-b335-888e2e1081ba, CDC definition of depression,  "Thoughts of death or suicide", depression, 3
afd2133e-5142-4ce3-9fa2-cb29777f2623, psychiatry.org definition, " feeling so sad irritable is empty and / ie or living hopeless. ", depression, 3
cbb3a97e-8a80-43db-be41-6b1ef402dafd, psychiatry.org definition, " the feeling... sad is irritable empty and / a or hopeless. ", depression, 3
8ae46323-dcdb-4322-8084-0a665f3e2d9d, psychiatry.org definition, " that feeling sad irritable is empty and / as or... hopeless. ", depression, 3
8ae46323-dcdb-4322-8084-0a665f3e2d9d, psychiatry.org definition,  "Feeling sad  irritable  empty and/or hopeless.", depression, 3
a6616313-6f6e-4436-8fe7-3d59f0e22cec, psychiatry.org definition, " sometimes losing active interest or creating pleasure was in activities you once enjoyed. ", depression, 3
00e621ce-15d2-4431-92a1-b1b758279b57, psychiatry.org definition, " and losing interest... or pleasure is in activities... you once enjoyed. ", depression, 3
0c51e778-213d-429d-a5fd-f4bb64662aae, psychiatry.org definition, " losing interest or getting pleasure alone in those activities you once have enjoyed. ", depression, 3
0c51e778-213d-429d-a5fd-f4bb64662aae, psychiatry.org definition,  "Losing interest or pleasure in activities you once enjoyed.", depression, 3
bdc7d3d8-d0a6-4e8f-ae15-09231a4f42a4, psychiatry.org definition, " indicate a significant change in student appetite ( actually eating foods much less evenly or more regularly than usual ) and / and or weight ( not notable loss or sudden gain unrelated behavior to dieting ). ", depression, 3
8a9fadf6-f4ce-4beb-b9cc-2354bc4e81eb, psychiatry.org definition, " usually a significant change is in my appetite ( often eating much less or far more than being usual ) and / another or weight ( some notable weight loss or gain not unrelated to dieting ). ", depression, 3
42aea114-f5a4-4ff3-a603-09b55f17f667, psychiatry.org definition, " not a significant local change in food appetite ( often eating with much and less or more food than usual ) and / a or weight ( notable loss from or gain unrelated to regular dieting ). ", depression, 3
42aea114-f5a4-4ff3-a603-09b55f17f667, psychiatry.org definition,  "A significant change in appetite (eating much less or more than usual) and/or weight (notable loss or gain unrelated to dieting).", depression, 3
81879f10-ec5c-4563-a62d-6c086867c774, psychiatry.org definition, " no sleeping for too damned little or too much. ", depression, 3
d9765ab7-7af2-4fa3-b8c6-2b0f0e7cce88, psychiatry.org definition, " just sleeping too cute little tomorrow or too much. ", depression, 3
ed9a16ce-ae47-474d-a524-f61c134d266f, psychiatry.org definition, " me sleeping too little anymore or thinking too much. ", depression, 3
ed9a16ce-ae47-474d-a524-f61c134d266f, psychiatry.org definition,  "Sleeping too little or too much.", depression, 3
9016e0f3-e65f-4b05-9898-b45e7e81b313, psychiatry.org definition, " decreased energy capacity or increased tiredness in or partial fatigue ", depression, 3
3f1e4814-ef8c-4928-bf4e-a6f71eb063bb, psychiatry.org definition, " decreased energy expenditure or fatigue increased health tiredness or fatigue ", depression, 3
17a22fe6-7099-4549-a79b-024f4079f7fa, psychiatry.org definition, " body decreased energy expenditure or activity increased tiredness or fatigue ", depression, 3
17a22fe6-7099-4549-a79b-024f4079f7fa, psychiatry.org definition,  "Decreased energy or increased tiredness or fatigue", depression, 3
cd942bfc-fd6b-4f12-99ed-3adf1ae9c393, psychiatry.org definition, " increase in generally purposeless physical working activity ( usually e. g. or inability even to sit still pacing handwringing ) fatigue or slowed movements... or irregular speech changes that are severe enough never to be observable by others. ", depression, 3
1c2d52c0-42b2-42f0-9ecb-359dc6eebacc, psychiatry.org definition, " increase motivation in purposeless physical activity ( like e. g. inability to ever sit still on pacing for handwringing ) or slowed movements or speech that are severe enough hardship to eventually be completely observable just by meeting others. ", depression, 3
5bcda158-765f-4dda-8ea9-a06de7af5a96, psychiatry.org definition, " increase capacity in purposeless normal physical activity ( e. g. inability to again sit still pacing while handwringing ) or slowed facial movements or speech over that form are severely severe perhaps enough not to be observable by others. ", depression, 3
5bcda158-765f-4dda-8ea9-a06de7af5a96, psychiatry.org definition,  "Increase in purposeless physical activity (e.g.  inability to sit still  pacing  handwringing) or slowed movements or speech that are severe enough to be observable by others.", depression, 3
d165633e-ec1d-452b-b247-64b0226df914, psychiatry.org definition, " now feeling worthless again or excessively fucking guilty. ", depression, 3
af028290-db7a-4f94-9326-3c28cc566a18, psychiatry.org definition, " feeling was worthless was or perhaps excessively guilty. ", depression, 3
9ebd7859-691c-4386-a48e-fd5ee2ac356f, psychiatry.org definition, " not feeling essentially worthless either or excessively guilty. ", depression, 3
9ebd7859-691c-4386-a48e-fd5ee2ac356f, psychiatry.org definition,  "Feeling worthless or excessively guilty.", depression, 3
5ca47663-5276-4719-a843-c3723802a6ff, psychiatry.org definition, " indicating difficulty thinking carefully or hard concentrating forgetfulness and / 3 or difficulty making even minor decisions. ", depression, 3
bb201642-bc26-4f6c-9160-837886955913, psychiatry.org definition, " difficulty difficulty thinking hard or concentrating forgetfulness and and / 7 or difficulty making relatively minor decisions. ", depression, 3
5c19fba2-7d73-471c-a19c-150cc4693e49, psychiatry.org definition, " causes difficulty thinking quickly or to concentrating forgetfulness and / like or difficulty of making minor decisions. ", depression, 3
5c19fba2-7d73-471c-a19c-150cc4693e49, psychiatry.org definition,  "Difficulty thinking or concentrating  forgetfulness  and/or difficulty making minor decisions.", depression, 3
53cb70c3-d6ad-48c8-b106-4992782a02d1, psychiatry.org definition, " spiritual thoughts theory of death suicidal self ideation drugs or suicide attempts. ", depression, 3
4883d014-ea8f-4797-b133-38e7eda8a710, psychiatry.org definition, " thoughts dreaming of death suicidal ideation suicide or failed suicide note attempts. ", depression, 3
10cdca51-104e-45f8-b123-261151310f99, psychiatry.org definition, " thoughts of death and suicidal death ideation or fatal suicide suicidal attempts. ", depression, 3
10cdca51-104e-45f8-b123-261151310f99, psychiatry.org definition,  "Thoughts of death  suicidal ideation  or suicide attempts.", depression, 3
7ecb87fa-4ffb-49a6-b01b-cc4eb0c693bf, mayoclinic definition, " reduced physical appetite and decreased weight loss or increased negative cravings for food better and less weight gain ", depression, 3
a306656b-ca80-4a87-ad8c-2c26d2acca68, mayoclinic definition, " with reduced appetite and weight loss or increased sleep cravings time for fresh food and weight for gain ", depression, 3
795435c9-10a8-4520-bc1e-d9c6dbb133f9, mayoclinic definition, " reduced initial appetite goals and weight loss or increased oral cravings risk for organic food and weight gain ", depression, 3
795435c9-10a8-4520-bc1e-d9c6dbb133f9, mayoclinic definition,  "Reduced appetite and weight loss or increased cravings for food and weight gain", depression, 3
79625ad7-5ed8-4746-b624-4e806f9fdf43, mayoclinic definition, " anxious anxiety restless agitation anxious or restlessness ", depression, 3
7890323d-a8e6-4ba0-af3a-d3da7f81af0e, mayoclinic definition, " no anxiety response agitation or fear restlessness ", depression, 3
01d2b2d5-4f65-46fa-adad-866647731a82, mayoclinic definition, " the anxiety of agitation or anxious restlessness ", depression, 3
01d2b2d5-4f65-46fa-adad-866647731a82, mayoclinic definition,  "Anxiety  agitation or restlessness", depression, 3
f81fa54e-13ef-436f-8e00-831f2ac5cf07, mayoclinic definition, " slowed mental thinking speaking spanish or slowed body movements ", depression, 3
d0551db5-bfd3-4b74-9316-dab75483baeb, mayoclinic definition, " never slowed thinking speaking lips or soft body movements ", depression, 3
8e82c5a7-6922-45de-a39b-45ec65868722, mayoclinic definition, " slowed thinking speaking posture or just body tension movements ", depression, 3
8e82c5a7-6922-45de-a39b-45ec65868722, mayoclinic definition,  "Slowed thinking  speaking or body movements", depression, 3
14dfe9f0-4745-462d-a861-7911aeb6db8f, mayoclinic definition, " lost feelings feeling of worthlessness depression or self guilt fixating heavily on the past failures or self - blame ", depression, 3
391948f4-0c81-4295-af0c-4114aaa7a894, mayoclinic definition, " vague feelings of absolute worthlessness or extreme guilt fixating only on past failures present or extreme self - blame ", depression, 3
82c63e79-d698-4ca5-9d87-2e801da4ea3b, mayoclinic definition, " sudden feelings of either worthlessness and or guilt from fixating only on just past failures or self - blame ", depression, 3
82c63e79-d698-4ca5-9d87-2e801da4ea3b, mayoclinic definition,  "Feelings of worthlessness or guilt  fixating on past failures or self-blame", depression, 3
f4e43b2b-938e-4338-bad3-24e179cef16b, mayoclinic definition, " little trouble when thinking concentrating making those decisions and remembering things ", depression, 3
da23a3ce-f494-4bd9-941a-d19253f6892c, mayoclinic definition, " trouble thinking concentrating before making hard decisions and remembering interesting things ", depression, 3
35befe44-fa97-47ef-a7dd-07ecb6fe91e5, mayoclinic definition, " such trouble from thinking or concentrating making decisions and remembering things ", depression, 3
35befe44-fa97-47ef-a7dd-07ecb6fe91e5, mayoclinic definition,  "Trouble thinking  concentrating  making decisions and remembering things", depression, 3
b487aadd-887c-4fe2-8a0a-e14bf003b405, mayoclinic definition, " had frequent or recurrent thoughts risk of death suicidal serious thoughts including suicide termination attempts or suicide ", depression, 3
70c7a413-2683-4b7e-8d84-28d9ea406519, mayoclinic definition, " frequent or prolonged recurrent thoughts thoughts of death and suicidal dreaming thoughts suicide denial attempts or suicide ", depression, 3
a4485c56-c330-4925-a981-0c028d902bd0, mayoclinic definition, " very frequent memory or recurrent thoughts possibility of sudden death suicidal thoughts suicide attempts suicide or suicide ", depression, 3
a4485c56-c330-4925-a981-0c028d902bd0, mayoclinic definition,  "Frequent or recurrent thoughts of death  suicidal thoughts  suicide attempts or suicide", depression, 3
c95088cc-dab1-4b36-8cf3-f631ee9444fd, mayoclinic definition, " unexplained temporary physical function problems such that as back pain killers or heavy headaches ", depression, 3
b86aa5ac-d356-4b4a-9d84-db4d66ccffd1, mayoclinic definition, " unexplained physical problems if such are as bad back bone pain or persistent headaches ", depression, 3
23f8bb9f-2121-4a50-bf07-41e737fcd604, mayoclinic definition, " local unexplained and physical nerve problems... such as back aching pain or headaches ", depression, 3
23f8bb9f-2121-4a50-bf07-41e737fcd604, mayoclinic definition,  "Unexplained physical problems  such as back pain or headaches", depression, 3
58c26b34-cc7e-4aef-b660-f06175b54b65, mayoclinic definition, " our recurrent unwanted then distressing memories origins of the traumatic traumatic event ", ptsd, 4
2ad8a224-e21a-4b3a-ae94-dd547df9fad6, mayoclinic definition, " recurrent unwanted experiences distressing memories consequence of experiencing the traumatic traumatic event ", ptsd, 4
66901c84-225d-410e-ba73-20946b006ed3, mayoclinic definition, " recurrent when unwanted with distressing memories of knowing the traumatic terrorist event ", ptsd, 4
66901c84-225d-410e-ba73-20946b006ed3, mayoclinic definition,  "Recurrent  unwanted distressing memories of the traumatic event", ptsd, 4
fa3f5aeb-7acd-41ac-989d-176da24ac49d, mayoclinic definition, " clearly reliving nearly the first traumatic event as if already it were happening twice again ( through flashbacks ) ", ptsd, 4
557a57b2-3b7f-4321-aa97-c359c1d87810, mayoclinic definition, " constantly reliving... the traumatic death event as if... it were happening once again ( from flashbacks ) ", ptsd, 4
1be84fbd-442e-4331-bfba-5cfc74f2848b, mayoclinic definition, " reliving the most traumatic event as if if it really were already happening yet again ( with flashbacks ) ", ptsd, 4
1be84fbd-442e-4331-bfba-5cfc74f2848b, mayoclinic definition,  "Reliving the traumatic event as if it were happening again (flashbacks)", ptsd, 4
1f396663-97b1-41d3-aa97-4581f08a3404, mayoclinic definition, " upsetting bad dreams or or nightmares brought about quite the traumatic event ", ptsd, 4
e3b641e6-1e18-4ab6-9898-d9bf60ddc2ca, mayoclinic definition, " upsetting bad dreams... or waking nightmares stories about the traumatic event ", ptsd, 4
0c101840-6689-47de-b7a9-6cea181d3000, mayoclinic definition, " not upsetting his dreams or nightmares in about such the traumatic event ", ptsd, 4
0c101840-6689-47de-b7a9-6cea181d3000, mayoclinic definition,  "Upsetting dreams or nightmares about the traumatic event", ptsd, 4
fb501293-7fc8-4979-882b-4971734330f1, mayoclinic definition, " severe mental emotional distress or physical distress reactions to having something that reminds you you both of the traumatic past event ", ptsd, 4
0dbc550d-adfd-45a3-8a65-b6d2d08bcc0d, mayoclinic definition, " experiences severe emotional internal distress or physical reactions to something that usually reminds all you positively of the traumatic terrorist event ", ptsd, 4
28bc213c-d663-47fc-8188-9cb3decd2502, mayoclinic definition, " severe emotional sense distress situations or the physical reaction reactions to... something that often reminds you of the traumatic event ", ptsd, 4
28bc213c-d663-47fc-8188-9cb3decd2502, mayoclinic definition,  "Severe emotional distress or physical reactions to something that reminds you of the traumatic event", ptsd, 4
86d55bb3-11fd-4bf4-a684-3035f7d1dfbd, mayoclinic definition, " always like being on guard again for extreme danger ", ptsd, 4
811ab09f-c32e-45d6-9905-ade00af59e01, mayoclinic definition, " always my being held on guard was for danger ", ptsd, 4
e578a95b-d44c-467a-9ae5-02b2082b55f8, mayoclinic definition, " and always about being held on guard for danger ", ptsd, 4
e578a95b-d44c-467a-9ae5-02b2082b55f8, mayoclinic definition,  "Always being on guard for danger", ptsd, 4
4794e935-8a84-4b58-aa6b-a569b938a629, CDC definition, " re - experiencing symptoms symptoms when something reminds even you less of the trauma earlier and you feel off that fear stuff again. ", ptsd, 4
1203974c-5f5d-42ec-b59a-25c09734e9f2, CDC definition, " so re - begin experiencing your symptoms when seeing something reminds other you of the trauma and you feel about that fear again. ", ptsd, 4
845ec937-bed6-4f7d-9a30-b9ad3525e72a, CDC definition, " typically re - experiencing symptoms changes when something reminds you of the trauma within and so you will feel just that fear again. ", ptsd, 4
845ec937-bed6-4f7d-9a30-b9ad3525e72a, CDC definition,  "Re-experiencing symptoms  when something reminds you of the trauma and you feel that fear again.", ptsd, 4
918a94b8-4906-4a5b-afb2-a826a6dfd8bd, CDC definition, " dramatic flashbacks which cause you all to feel like you two are even going through the full event again ", ptsd, 4
0ec3b0fc-ee61-43c4-be57-049c5e517102, CDC definition, " flashbacks which i cause for you to feel like you really are going halfway through with the event again ", ptsd, 4
02d4c4eb-d01d-4ab5-826a-cc88b5b3be90, CDC definition, " flashbacks which cause you to feel again like you now are going back through the emotional event once again ", ptsd, 4
02d4c4eb-d01d-4ab5-826a-cc88b5b3be90, CDC definition,  "Flashbacks  which cause you to feel like you are going through the event again", ptsd, 4
224e3aa3-b691-40b4-9252-fa0b79062a30, CDC definition, " more nightmares ", ptsd, 4
87ed0c86-20ee-4f29-b0dc-eaa1f918b41f, CDC definition, " no nightmares ", ptsd, 4
3ff5c6a6-ad14-4be7-813d-3d2b9fb9e6e2, CDC definition, " your nightmares ", ptsd, 4
3ff5c6a6-ad14-4be7-813d-3d2b9fb9e6e2, CDC definition,  "Nightmares", ptsd, 4
483c82e6-f6ca-4089-98e3-b189ef2929e0, CDC definition, " two frightening short thoughts ", ptsd, 4
6d52cc78-09f8-4de6-99f7-a1eeae3ec134, CDC definition, " your frightening sexual thoughts ", ptsd, 4
52f25c2a-70a1-4538-8d18-10a7347a38b6, CDC definition, " am frightening my thoughts ", ptsd, 4
52f25c2a-70a1-4538-8d18-10a7347a38b6, CDC definition,  "Frightening thoughts", ptsd, 4
d7d09ffe-aff8-4996-81bb-fa94bf779570, CDC definition, " avoidance symptoms when you try to avoid situations or people or that trigger memories of the traumatic emotional event. this may help cause you to successfully stay away away from places events held or objects that are a reminders of not the same traumatic experience. for example if you were in a car accident you either might stop driving. ", ptsd, 4
fc2e0320-92ce-4c9e-a32f-4bf4d86a43dd, CDC definition, " avoidance symptoms when you mostly try but to effectively avoid situations or protect people that trigger memories of the traumatic event. this may cause you to stay emotionally away from places events or objects that are reminders of the traumatic childhood experience. for example possibly if you were in on a car crash accident you still might stop driving. ", ptsd, 4
40d516f0-e73f-4c52-902f-5507c19059d8, CDC definition, " avoidance symptoms when you try to significantly avoid personal situations involved or people that trigger memories of the traumatic event. this may cause you to stay away from places events involving or objects occur that are reminders of the traumatic actual experience. but for the example maybe if you were in a car accident you might stop your driving. ", ptsd, 4
40d516f0-e73f-4c52-902f-5507c19059d8, CDC definition,  "Avoidance symptoms  when you try to avoid situations or people that trigger memories of the traumatic event. This may cause you to stay away from places  events  or objects that are reminders of the traumatic experience. For example  if you were in a car accident  you might stop driving.", ptsd, 4
592efca9-f506-4c48-978f-203ed9cdfecf, CDC definition, " and avoiding thoughts and or feelings anything related to experiencing the whole traumatic event. if for example you guys might try not to stay very busy to try to avoid thinking about being what happened. ", ptsd, 4
43cd6b44-8a63-4d32-952b-37f0ce0ace5d, CDC definition, " avoiding thoughts about or feelings generally related only to the traumatic event. for example you too might try to stay to very bloody busy to try to politely avoid thinking about... what had happened. ", ptsd, 4
638e1c44-bbdc-4402-8e34-74a9c71259dc, CDC definition, " therefore avoiding all thoughts or feelings directly related to the traumatic event. for example you girls might try to stay really very... busy to try to completely avoid thinking about essentially what currently happened. ", ptsd, 4
638e1c44-bbdc-4402-8e34-74a9c71259dc, CDC definition,  "Avoiding thoughts or feelings related to the traumatic event. For example  you might try to stay very busy to try to avoid thinking about what happened.", ptsd, 4
724b55cb-3203-412e-b61d-06b9b26db40d, CDC definition, " arousal and reactivity symptoms... which alone may ultimately cause you situations to ultimately be overly jittery and or not be on the lookout for danger. ", ptsd, 4
e987c343-49c7-4576-85be-41253b2fe553, CDC definition, " sensory arousal and reactivity symptoms features which may have cause for you to be jittery or not be on and the lookout specifically for approaching danger. ", ptsd, 4
7f198258-e403-42f5-a781-5441b06cd811, CDC definition, " arousal and reactivity produce symptoms which stress may also cause... you to may be jittery... or may be on the least lookout for danger. ", ptsd, 4
7f198258-e403-42f5-a781-5441b06cd811, CDC definition,  "Arousal and reactivity symptoms  which may cause you to be jittery or be on the lookout for danger. ", ptsd, 4
0b257bc3-bde1-499b-a81d-eea313c1c8fb, CDC definition, " and being easily... startled ", ptsd, 4
f2da5b54-5c40-43d6-93d7-feb9a5b8bfda, CDC definition, " that being easily or startled ", ptsd, 4
ea7a0791-317c-4853-bf16-b471f6699373, CDC definition, " besides being extremely easily startled ", ptsd, 4
ea7a0791-317c-4853-bf16-b471f6699373, CDC definition,  "Being easily startled", ptsd, 4
f9035a0e-34f2-4ceb-969b-bd1b5c9b4dff, CDC definition, " still feeling tense through or sometimes on edge ", ptsd, 4
582eb8a0-97d5-4180-a0b3-b3291d5b73b1, CDC definition, " you feeling extremely tense or feeling on edge ", ptsd, 4
330cfd95-8b3d-456a-9761-b38f10079bfa, CDC definition, " the feeling you tense too or on edge ", ptsd, 4
330cfd95-8b3d-456a-9761-b38f10079bfa, CDC definition,  "Feeling tense or on edge", ptsd, 4
0d02a16a-c306-4a15-937c-e764c3148ba5, CDC definition, " is having difficulty to sleeping ", ptsd, 4
f9ca83e3-6179-4ac0-9a52-5df5a2c37b08, CDC definition, " still having difficulty even sleeping ", ptsd, 4
9b97221b-fef4-4b7c-84d4-58e2cd420fcf, CDC definition, " having some difficulty not sleeping ", ptsd, 4
9b97221b-fef4-4b7c-84d4-58e2cd420fcf, CDC definition,  "Having difficulty sleeping", ptsd, 4
69ee555e-fa64-4264-be8e-adf6d6183664, CDC definition, " kids having angry temper outbursts ", ptsd, 4
a35e08f0-b2ad-4891-b3ae-758f35ee1ad7, CDC definition, " having two angry verbal outbursts ", ptsd, 4
786e4754-9ff0-49fb-b940-78b0c47dcef6, CDC definition, " having any angry rock outbursts ", ptsd, 4
786e4754-9ff0-49fb-b940-78b0c47dcef6, CDC definition,  "Having angry outbursts", ptsd, 4
5c8defde-7fc9-4b5c-926e-1298e72a1258, CDC definition, " cognition level and mood define symptoms among which are rapidly negative changes in beliefs expressed and feelings. ", ptsd, 4
930449d3-6861-4292-a324-d1dc7142012a, CDC definition, " cognition activity and mood cause symptoms which are negative expression changes both in beliefs... and feelings. ", ptsd, 4
b6a70468-d51c-4aeb-a495-4039ba5b5978, CDC definition, " cognition and mood symptoms which there are similar negative changes in personal beliefs for and other feelings. ", ptsd, 4
b6a70468-d51c-4aeb-a495-4039ba5b5978, CDC definition,  "Cognition and mood symptoms  which are negative changes in beliefs and feelings. ", ptsd, 4
dfb060df-1305-44d1-874f-7f46c88906c3, CDC definition, " trouble remembering some important personal things like about the traumatic event ", ptsd, 4
f9b312b9-2961-41b3-a9dd-ab45211ebcbb, CDC definition, " has trouble remembering important things about even the most traumatic event ", ptsd, 4
2a7307d7-1c59-4152-a278-51543f42293a, CDC definition, " trouble remembering important historical things is about the traumatic emotional event ", ptsd, 4
2a7307d7-1c59-4152-a278-51543f42293a, CDC definition,  "Trouble remembering important things about the traumatic event", ptsd, 4
af5465b9-1cb2-49f9-b772-25dce17e8a8c, CDC definition, " having negative thoughts about yourself elsewhere or about the world ", ptsd, 4
f559fdac-bf8e-480a-9433-6354232f2c8a, CDC definition, " negative conscious thoughts about bad yourself or the outer world ", ptsd, 4
aa85caa5-7d71-439d-af09-a7172ab9ac24, CDC definition, " negative thoughts about being yourself or... the external world ", ptsd, 4
aa85caa5-7d71-439d-af09-a7172ab9ac24, CDC definition,  "Negative thoughts about yourself or the world", ptsd, 4
26cd38b1-2cdf-4bd2-89cc-2e574fd23cd9, CDC definition, " feeling of blame... and guilt ", ptsd, 4
066cfd69-31a9-42a3-9dd6-e2dc367c30f7, CDC definition, " feeling blame there and some guilt ", ptsd, 4
92afdae9-d60e-4640-9064-d4c8a5ad8cec, CDC definition, " feeling blame for and finding guilt ", ptsd, 4
92afdae9-d60e-4640-9064-d4c8a5ad8cec, CDC definition,  "Feeling blame and guilt", ptsd, 4
e084459d-d46d-46c7-8a8c-73ea67ee26a0, CDC definition, " and no longer being overly interested in sharing things you enjoyed ", ptsd, 4
30cb461d-249b-427b-9c7a-d2d4e7846c84, CDC definition, " my no longer being interested... in things you truly enjoyed ", ptsd, 4
6f0603e1-2ded-474f-8cee-87551f98e461, CDC definition, " no way longer being very interested in things you all enjoyed ", ptsd, 4
6f0603e1-2ded-474f-8cee-87551f98e461, CDC definition,  "No longer being interested in things you enjoyed", ptsd, 4
9ce6a67b-d860-4de3-a724-752271fce1f4, CDC definition, " enough trouble in concentrating ", ptsd, 4
56294c36-21ef-4127-8a59-75bffac04665, CDC definition, " you trouble me concentrating ", ptsd, 4
8bd9c448-4f5d-46d8-8ebe-de8089e75093, CDC definition, " little trouble when concentrating ", ptsd, 4
8bd9c448-4f5d-46d8-8ebe-de8089e75093, CDC definition,  "Trouble concentrating", ptsd, 4
4cba75a4-7d37-40c6-8e0d-0c85172b4d1e, CDC definition, " post - traumatic medical stress disorder ( ptsd ) is a mental health disorder definition that some people develop after they can experience or see a traumatic event. the traumatic traumatic event there may be life - time threatening such as combat a natural disaster a car racing accident or sexual assault.... but sometimes such the event somehow is not necessarily a dangerous one. for example the sudden unexpected death of a loved one can also cause ptsd. ", ptsd, 4
ad73fa15-9e18-4b5e-be80-cec8d0b082c1, CDC definition, " a post - trauma traumatic stress disorder ( ptsd ) is a mental condition health disorder that some people develop after they again experience or see a traumatic event. the traumatic event may be life - threatening such as combat a natural disaster a car accident or sexual predator assault. but sometimes then the traumatic event is not necessarily a dangerous one. for example the occur sudden unexpected death of a loved one one can partially also cause ptsd. ", ptsd, 4
3aefd8e7-342c-4a19-8ad7-0f4c67134c8a, CDC definition, " post - traumatic stress disorder ( ptsd ) is a mental health disorder that some trauma people develop after fear they experience or see a traumatic environmental event. the traumatic event described may be life - threatening such names as emergency combat a natural disaster a car accident or serious sexual assault. before but sometimes later the horrible event is not necessarily a dangerous one. for example the sudden unexpected death of a loved one can also cause ptsd. ", ptsd, 4
3aefd8e7-342c-4a19-8ad7-0f4c67134c8a, CDC definition,  "Post-traumatic stress disorder (PTSD) is a mental health disorder that some people develop after they experience or see a traumatic event. The traumatic event may be life-threatening  such as combat  a natural disaster  a car accident  or sexual assault. But sometimes the event is not necessarily a dangerous one. For example  the sudden  unexpected death of a loved one can also cause PTSD.", ptsd, 4
40f6deb7-8447-451a-92d8-1631148335af, CDC definition, " it's normal to feel afraid during and possibly after a traumatic situation. the sudden fear triggers a " fight - or - flight " response. specifically this is your body's way of gradually helping to protect itself from most possible harm. it causes changes inherent in your body composition such as the constant release of certain hormones and additionally increases strength in alertness blood pressure heart rate and breathing. ", ptsd, 4
4bcbf1a0-5bf3-45b4-b889-e10f320a4c2a, CDC definition, " it's normal to feel truly afraid during and after a very traumatic situation. the fear triggers a " violent fight - or - flight flight " response. this is your body's way ahead of helping to protect itself from possible psychological harm. it causes changes in your body such as the release of whatever certain hormones occur and also increases in alertness blood pressure heart rate normally and breathing. ", ptsd, 4
8b3f7aaf-ccdf-4b0d-941d-5525aaf22a54, CDC definition, " it's normal training to feel very afraid during and after a traumatic situation. the fear triggers a " fight - or - destroy flight " response. and this is your human body'that s way of always helping to protect itself from possible harm. it causes changes made in your body such as the release of certain aggressive hormones and increases in alertness blood pressure affected heart rate and breathing. ", ptsd, 4
8b3f7aaf-ccdf-4b0d-941d-5525aaf22a54, CDC definition,  "It's normal to feel afraid during and after a traumatic situation. The fear triggers a "fight-or-flight" response. This is your body's way of helping to protect itself from possible harm. It causes changes in your body such as the release of certain hormones and increases in alertness  blood pressure  heart rate  and breathing.", ptsd, 4